VideoID,Video,ClassID
0,Drink/Drink_11_1.mp4,0
1,Drink/Drink_11_10.mp4,0
2,Drink/Drink_11_2.mp4,0
3,Drink/Drink_11_3.mp4,0
4,Drink/Drink_11_4.mp4,0
5,Drink/Drink_11_5.mp4,0
6,Drink/Drink_11_6.mp4,0
7,Drink/Drink_11_7.mp4,0
8,Drink/Drink_11_8.mp4,0
9,Drink/Drink_11_9.mp4,0
10,Drink/Drink_12_1.mp4,0
11,Drink/Drink_12_2.mp4,0
12,Drink/Drink_12_3.mp4,0
13,Drink/Drink_12_4.mp4,0
14,Drink/Drink_13_1.mp4,0
15,Drink/Drink_13_10.mp4,0
16,Drink/Drink_13_11.mp4,0
17,Drink/Drink_13_12.mp4,0
18,Drink/Drink_13_13.mp4,0
19,Drink/Drink_13_14.mp4,0
20,Drink/Drink_13_15.mp4,0
21,Drink/Drink_13_16.mp4,0
22,Drink/Drink_13_17.mp4,0
23,Drink/Drink_13_18.mp4,0
24,Drink/Drink_13_19.mp4,0
25,Drink/Drink_13_2.mp4,0
26,Drink/Drink_13_20.mp4,0
27,Drink/Drink_13_3.mp4,0
28,Drink/Drink_13_4.mp4,0
29,Drink/Drink_13_5.mp4,0
30,Drink/Drink_13_6.mp4,0
31,Drink/Drink_13_7.mp4,0
32,Drink/Drink_13_9.mp4,0
33,Drink/Drink_15_1.mp4,0
34,Drink/Drink_15_10.mp4,0
35,Drink/Drink_15_11.mp4,0
36,Drink/Drink_15_12.mp4,0
37,Drink/Drink_15_13.mp4,0
38,Drink/Drink_15_14.mp4,0
39,Drink/Drink_15_15.mp4,0
40,Drink/Drink_15_16.mp4,0
41,Drink/Drink_15_17.mp4,0
42,Drink/Drink_15_18.mp4,0
43,Drink/Drink_15_19.mp4,0
44,Drink/Drink_15_2.mp4,0
45,Drink/Drink_15_20.mp4,0
46,Drink/Drink_15_4.mp4,0
47,Drink/Drink_15_5.mp4,0
48,Drink/Drink_15_6.mp4,0
49,Drink/Drink_15_7.mp4,0
50,Drink/Drink_15_8.mp4,0
51,Drink/Drink_15_9.mp4,0
52,Drink/Drink_17_1.mp4,0
53,Drink/Drink_17_10.mp4,0
54,Drink/Drink_17_12.mp4,0
55,Drink/Drink_17_14.mp4,0
56,Drink/Drink_17_16.mp4,0
57,Drink/Drink_17_17.mp4,0
58,Drink/Drink_17_19.mp4,0
59,Drink/Drink_17_2.mp4,0
60,Drink/Drink_17_21.mp4,0
61,Drink/Drink_17_22.mp4,0
62,Drink/Drink_17_23.mp4,0
63,Drink/Drink_17_24.mp4,0
64,Drink/Drink_17_29.mp4,0
65,Drink/Drink_17_4.mp4,0
66,Drink/Drink_17_5.mp4,0
67,Drink/Drink_17_6.mp4,0
68,Drink/Drink_17_7.mp4,0
69,Drink/Drink_17_8.mp4,0
70,Drink/Drink_17_9.mp4,0
71,Drink/Drink_1_1.mp4,0
72,Drink/Drink_1_10.mp4,0
73,Drink/Drink_1_11.mp4,0
74,Drink/Drink_1_12.mp4,0
75,Drink/Drink_1_13.mp4,0
76,Drink/Drink_1_14.mp4,0
77,Drink/Drink_1_15.mp4,0
78,Drink/Drink_1_16.mp4,0
79,Drink/Drink_1_17.mp4,0
80,Drink/Drink_1_18.mp4,0
81,Drink/Drink_1_19.mp4,0
82,Drink/Drink_1_2.mp4,0
83,Drink/Drink_1_20.mp4,0
84,Drink/Drink_1_3.mp4,0
85,Drink/Drink_1_4.mp4,0
86,Drink/Drink_1_5.mp4,0
87,Drink/Drink_1_6.mp4,0
88,Drink/Drink_1_7.mp4,0
89,Drink/Drink_1_8.mp4,0
90,Drink/Drink_3_1.mp4,0
91,Drink/Drink_3_10.mp4,0
92,Drink/Drink_3_11.mp4,0
93,Drink/Drink_3_13.mp4,0
94,Drink/Drink_3_14.mp4,0
95,Drink/Drink_3_15.mp4,0
96,Drink/Drink_3_19.mp4,0
97,Drink/Drink_3_2.mp4,0
98,Drink/Drink_3_20.mp4,0
99,Drink/Drink_3_21.mp4,0
100,Drink/Drink_3_23.mp4,0
101,Drink/Drink_3_24.mp4,0
102,Drink/Drink_3_3.mp4,0
103,Drink/Drink_3_4.mp4,0
104,Drink/Drink_3_5.mp4,0
105,Drink/Drink_3_6.mp4,0
106,Drink/Drink_3_7.mp4,0
107,Drink/Drink_3_8.mp4,0
108,Drink/Drink_3_9.mp4,0
109,Drink/Drink_5_1.mp4,0
110,Drink/Drink_5_10.mp4,0
111,Drink/Drink_5_11.mp4,0
112,Drink/Drink_5_13.mp4,0
113,Drink/Drink_5_14.mp4,0
114,Drink/Drink_5_15.mp4,0
115,Drink/Drink_5_16.mp4,0
116,Drink/Drink_5_17.mp4,0
117,Drink/Drink_5_18.mp4,0
118,Drink/Drink_5_19.mp4,0
119,Drink/Drink_5_2.mp4,0
120,Drink/Drink_5_20.mp4,0
121,Drink/Drink_5_3.mp4,0
122,Drink/Drink_5_4.mp4,0
123,Drink/Drink_5_5.mp4,0
124,Drink/Drink_5_6.mp4,0
125,Drink/Drink_5_7.mp4,0
126,Drink/Drink_5_8.mp4,0
127,Drink/Drink_5_9.mp4,0
128,Drink/Drink_6_10.mp4,0
129,Drink/Drink_6_11.mp4,0
130,Drink/Drink_6_13.mp4,0
131,Drink/Drink_6_14.mp4,0
132,Drink/Drink_6_15.mp4,0
133,Drink/Drink_6_16.mp4,0
134,Drink/Drink_6_17.mp4,0
135,Drink/Drink_6_18.mp4,0
136,Drink/Drink_6_19.mp4,0
137,Drink/Drink_6_21.mp4,0
138,Drink/Drink_6_23.mp4,0
139,Drink/Drink_6_24.mp4,0
140,Drink/Drink_6_25.mp4,0
141,Drink/Drink_6_29.mp4,0
142,Drink/Drink_6_3.mp4,0
143,Drink/Drink_6_31.mp4,0
144,Drink/Drink_6_32.mp4,0
145,Drink/Drink_6_33.mp4,0
146,Drink/Drink_6_6.mp4,0
147,Drink/Drink_7_1.mp4,0
148,Drink/Drink_7_10.mp4,0
149,Drink/Drink_7_11.mp4,0
150,Drink/Drink_7_12.mp4,0
151,Drink/Drink_7_13.mp4,0
152,Drink/Drink_7_16.mp4,0
153,Drink/Drink_7_17.mp4,0
154,Drink/Drink_7_18.mp4,0
155,Drink/Drink_7_19.mp4,0
156,Drink/Drink_7_20.mp4,0
157,Drink/Drink_7_21.mp4,0
158,Drink/Drink_7_22.mp4,0
159,Drink/Drink_7_3.mp4,0
160,Drink/Drink_7_4.mp4,0
161,Drink/Drink_7_5.mp4,0
162,Drink/Drink_7_6.mp4,0
163,Drink/Drink_7_7.mp4,0
164,Drink/Drink_7_8.mp4,0
165,Drink/Drink_7_9.mp4,0
166,Drink/Drink_8_1.mp4,0
167,Drink/Drink_8_10.mp4,0
168,Drink/Drink_8_11.mp4,0
169,Drink/Drink_8_12.mp4,0
170,Drink/Drink_8_13.mp4,0
171,Drink/Drink_8_14.mp4,0
172,Drink/Drink_8_15.mp4,0
173,Drink/Drink_8_16.mp4,0
174,Drink/Drink_8_2.mp4,0
175,Drink/Drink_8_3.mp4,0
176,Drink/Drink_8_4.mp4,0
177,Drink/Drink_8_5.mp4,0
178,Drink/Drink_8_6.mp4,0
179,Drink/Drink_8_7.mp4,0
180,Drink/Drink_8_8.mp4,0
181,Drink/Drink_8_9.mp4,0
182,Drink/Drink_9_1.mp4,0
183,Drink/Drink_9_10.mp4,0
184,Drink/Drink_9_12.mp4,0
185,Drink/Drink_9_13.mp4,0
186,Drink/Drink_9_14.mp4,0
187,Drink/Drink_9_15.mp4,0
188,Drink/Drink_9_16.mp4,0
189,Drink/Drink_9_18.mp4,0
190,Drink/Drink_9_19.mp4,0
191,Drink/Drink_9_2.mp4,0
192,Drink/Drink_9_20.mp4,0
193,Drink/Drink_9_21.mp4,0
194,Drink/Drink_9_3.mp4,0
195,Drink/Drink_9_4.mp4,0
196,Drink/Drink_9_5.mp4,0
197,Drink/Drink_9_6.mp4,0
198,Drink/Drink_9_7.mp4,0
199,Drink/Drink_9_8.mp4,0
200,Drink/Drink_9_9.mp4,0
201,Jump/Jump_12_1.mp4,1
202,Jump/Jump_12_10.mp4,1
203,Jump/Jump_12_11.mp4,1
204,Jump/Jump_12_12.mp4,1
205,Jump/Jump_12_14.mp4,1
206,Jump/Jump_12_15.mp4,1
207,Jump/Jump_12_16.mp4,1
208,Jump/Jump_12_17.mp4,1
209,Jump/Jump_12_18.mp4,1
210,Jump/Jump_12_19.mp4,1
211,Jump/Jump_12_2.mp4,1
212,Jump/Jump_12_20.mp4,1
213,Jump/Jump_12_21.mp4,1
214,Jump/Jump_12_22.mp4,1
215,Jump/Jump_12_23.mp4,1
216,Jump/Jump_12_25.mp4,1
217,Jump/Jump_12_27.mp4,1
218,Jump/Jump_12_29.mp4,1
219,Jump/Jump_12_30.mp4,1
220,Jump/Jump_12_32.mp4,1
221,Jump/Jump_12_33.mp4,1
222,Jump/Jump_12_34.mp4,1
223,Jump/Jump_12_36.mp4,1
224,Jump/Jump_12_37.mp4,1
225,Jump/Jump_12_5.mp4,1
226,Jump/Jump_12_6.mp4,1
227,Jump/Jump_12_7.mp4,1
228,Jump/Jump_12_8.mp4,1
229,Jump/Jump_12_9.mp4,1
230,Jump/Jump_1_1.mp4,1
231,Jump/Jump_1_10.mp4,1
232,Jump/Jump_1_11.mp4,1
233,Jump/Jump_1_12.mp4,1
234,Jump/Jump_1_2.mp4,1
235,Jump/Jump_1_3.mp4,1
236,Jump/Jump_1_4.mp4,1
237,Jump/Jump_1_5.mp4,1
238,Jump/Jump_1_6.mp4,1
239,Jump/Jump_1_7.mp4,1
240,Jump/Jump_1_8.mp4,1
241,Jump/Jump_1_9.mp4,1
242,Jump/Jump_2_1.mp4,1
243,Jump/Jump_2_10.mp4,1
244,Jump/Jump_2_11.mp4,1
245,Jump/Jump_2_12.mp4,1
246,Jump/Jump_2_13.mp4,1
247,Jump/Jump_2_14.mp4,1
248,Jump/Jump_2_15.mp4,1
249,Jump/Jump_2_16.mp4,1
250,Jump/Jump_2_17.mp4,1
251,Jump/Jump_2_18.mp4,1
252,Jump/Jump_2_19.mp4,1
253,Jump/Jump_2_2.mp4,1
254,Jump/Jump_2_20.mp4,1
255,Jump/Jump_2_21.mp4,1
256,Jump/Jump_2_22.mp4,1
257,Jump/Jump_2_23.mp4,1
258,Jump/Jump_2_24.mp4,1
259,Jump/Jump_2_25.mp4,1
260,Jump/Jump_2_3.mp4,1
261,Jump/Jump_2_4.mp4,1
262,Jump/Jump_2_5.mp4,1
263,Jump/Jump_2_6.mp4,1
264,Jump/Jump_2_7.mp4,1
265,Jump/Jump_2_8.mp4,1
266,Jump/Jump_2_9.mp4,1
267,Jump/Jump_3_10.mp4,1
268,Jump/Jump_3_11.mp4,1
269,Jump/Jump_3_12.mp4,1
270,Jump/Jump_3_13.mp4,1
271,Jump/Jump_3_14.mp4,1
272,Jump/Jump_3_15.mp4,1
273,Jump/Jump_3_17.mp4,1
274,Jump/Jump_3_20.mp4,1
275,Jump/Jump_3_21.mp4,1
276,Jump/Jump_3_23.mp4,1
277,Jump/Jump_3_24.mp4,1
278,Jump/Jump_3_25.mp4,1
279,Jump/Jump_3_27.mp4,1
280,Jump/Jump_3_28.mp4,1
281,Jump/Jump_3_29.mp4,1
282,Jump/Jump_3_3.mp4,1
283,Jump/Jump_3_30.mp4,1
284,Jump/Jump_3_31.mp4,1
285,Jump/Jump_3_35.mp4,1
286,Jump/Jump_3_36.mp4,1
287,Jump/Jump_3_37.mp4,1
288,Jump/Jump_3_38.mp4,1
289,Jump/Jump_3_39.mp4,1
290,Jump/Jump_3_40.mp4,1
291,Jump/Jump_3_41.mp4,1
292,Jump/Jump_3_5.mp4,1
293,Jump/Jump_3_6.mp4,1
294,Jump/Jump_3_8.mp4,1
295,Jump/Jump_3_9.mp4,1
296,Jump/Jump_4_1.mp4,1
297,Jump/Jump_4_10.mp4,1
298,Jump/Jump_4_11.mp4,1
299,Jump/Jump_4_12.mp4,1
300,Jump/Jump_4_13.mp4,1
301,Jump/Jump_4_14.mp4,1
302,Jump/Jump_4_17.mp4,1
303,Jump/Jump_4_19.mp4,1
304,Jump/Jump_4_2.mp4,1
305,Jump/Jump_4_21.mp4,1
306,Jump/Jump_4_23.mp4,1
307,Jump/Jump_4_25.mp4,1
308,Jump/Jump_4_26.mp4,1
309,Jump/Jump_4_29.mp4,1
310,Jump/Jump_4_30.mp4,1
311,Jump/Jump_4_31.mp4,1
312,Jump/Jump_4_32.mp4,1
313,Jump/Jump_4_34.mp4,1
314,Jump/Jump_4_35.mp4,1
315,Jump/Jump_4_36.mp4,1
316,Jump/Jump_4_37.mp4,1
317,Jump/Jump_4_38.mp4,1
318,Jump/Jump_4_4.mp4,1
319,Jump/Jump_4_40.mp4,1
320,Jump/Jump_4_41.mp4,1
321,Jump/Jump_4_43.mp4,1
322,Jump/Jump_4_44.mp4,1
323,Jump/Jump_4_6.mp4,1
324,Jump/Jump_4_8.mp4,1
325,Jump/Jump_5_10.mp4,1
326,Jump/Jump_5_11.mp4,1
327,Jump/Jump_5_12.mp4,1
328,Jump/Jump_5_14.mp4,1
329,Jump/Jump_5_15.mp4,1
330,Jump/Jump_5_16.mp4,1
331,Jump/Jump_5_17.mp4,1
332,Jump/Jump_5_18.mp4,1
333,Jump/Jump_5_19.mp4,1
334,Jump/Jump_5_2.mp4,1
335,Jump/Jump_5_20.mp4,1
336,Jump/Jump_5_22.mp4,1
337,Jump/Jump_5_23.mp4,1
338,Jump/Jump_5_24.mp4,1
339,Jump/Jump_5_26.mp4,1
340,Jump/Jump_5_27.mp4,1
341,Jump/Jump_5_30.mp4,1
342,Jump/Jump_5_33.mp4,1
343,Jump/Jump_5_35.mp4,1
344,Jump/Jump_5_36.mp4,1
345,Jump/Jump_5_37.mp4,1
346,Jump/Jump_5_38.mp4,1
347,Jump/Jump_5_39.mp4,1
348,Jump/Jump_5_4.mp4,1
349,Jump/Jump_5_40.mp4,1
350,Jump/Jump_5_41.mp4,1
351,Jump/Jump_5_42.mp4,1
352,Jump/Jump_5_8.mp4,1
353,Jump/Jump_5_9.mp4,1
354,Jump/Jump_6_1.mp4,1
355,Jump/Jump_6_2.mp4,1
356,Jump/Jump_6_3.mp4,1
357,Jump/Jump_6_4.mp4,1
358,Jump/Jump_6_5.mp4,1
359,Jump/Jump_6_6.mp4,1
360,Jump/Jump_6_7.mp4,1
361,Jump/Jump_6_8.mp4,1
362,Jump/Jump_6_9.mp4,1
363,Jump/Jump_7_1.mp4,1
364,Jump/Jump_7_10.mp4,1
365,Jump/Jump_7_11.mp4,1
366,Jump/Jump_7_12.mp4,1
367,Jump/Jump_7_13.mp4,1
368,Jump/Jump_7_14.mp4,1
369,Jump/Jump_7_15.mp4,1
370,Jump/Jump_7_16.mp4,1
371,Jump/Jump_7_17.mp4,1
372,Jump/Jump_7_18.mp4,1
373,Jump/Jump_7_19.mp4,1
374,Jump/Jump_7_2.mp4,1
375,Jump/Jump_7_20.mp4,1
376,Jump/Jump_7_21.mp4,1
377,Jump/Jump_7_22.mp4,1
378,Jump/Jump_7_23.mp4,1
379,Jump/Jump_7_24.mp4,1
380,Jump/Jump_7_3.mp4,1
381,Jump/Jump_7_4.mp4,1
382,Jump/Jump_7_5.mp4,1
383,Jump/Jump_7_6.mp4,1
384,Jump/Jump_7_7.mp4,1
385,Jump/Jump_7_8.mp4,1
386,Jump/Jump_7_9.mp4,1
387,Jump/Jump_9_10.mp4,1
388,Jump/Jump_9_12.mp4,1
389,Jump/Jump_9_13.mp4,1
390,Jump/Jump_9_14.mp4,1
391,Jump/Jump_9_15.mp4,1
392,Jump/Jump_9_17.mp4,1
393,Jump/Jump_9_18.mp4,1
394,Jump/Jump_9_19.mp4,1
395,Jump/Jump_9_2.mp4,1
396,Jump/Jump_9_20.mp4,1
397,Jump/Jump_9_21.mp4,1
398,Jump/Jump_9_22.mp4,1
399,Jump/Jump_9_23.mp4,1
400,Jump/Jump_9_24.mp4,1
401,Jump/Jump_9_25.mp4,1
402,Jump/Jump_9_26.mp4,1
403,Jump/Jump_9_27.mp4,1
404,Jump/Jump_9_28.mp4,1
405,Jump/Jump_9_30.mp4,1
406,Jump/Jump_9_32.mp4,1
407,Jump/Jump_9_33.mp4,1
408,Jump/Jump_9_35.mp4,1
409,Jump/Jump_9_37.mp4,1
410,Jump/Jump_9_39.mp4,1
411,Jump/Jump_9_4.mp4,1
412,Jump/Jump_9_6.mp4,1
413,Jump/Jump_9_7.mp4,1
414,Jump/Jump_9_8.mp4,1
415,Jump/Jump_9_9.mp4,1
416,Wave/Wave_11_1.mp4,10
417,Wave/Wave_11_10.mp4,10
418,Wave/Wave_11_11.mp4,10
419,Wave/Wave_11_12.mp4,10
420,Wave/Wave_11_13.mp4,10
421,Wave/Wave_11_14.mp4,10
422,Wave/Wave_11_15.mp4,10
423,Wave/Wave_11_16.mp4,10
424,Wave/Wave_11_17.mp4,10
425,Wave/Wave_11_18.mp4,10
426,Wave/Wave_11_19.mp4,10
427,Wave/Wave_11_2.mp4,10
428,Wave/Wave_11_20.mp4,10
429,Wave/Wave_11_21.mp4,10
430,Wave/Wave_11_22.mp4,10
431,Wave/Wave_11_23.mp4,10
432,Wave/Wave_11_24.mp4,10
433,Wave/Wave_11_3.mp4,10
434,Wave/Wave_11_4.mp4,10
435,Wave/Wave_11_5.mp4,10
436,Wave/Wave_11_6.mp4,10
437,Wave/Wave_11_7.mp4,10
438,Wave/Wave_11_8.mp4,10
439,Wave/Wave_11_9.mp4,10
440,Wave/Wave_12_1.mp4,10
441,Wave/Wave_12_10.mp4,10
442,Wave/Wave_12_11.mp4,10
443,Wave/Wave_12_12.mp4,10
444,Wave/Wave_12_13.mp4,10
445,Wave/Wave_12_14.mp4,10
446,Wave/Wave_12_15.mp4,10
447,Wave/Wave_12_16.mp4,10
448,Wave/Wave_12_17.mp4,10
449,Wave/Wave_12_18.mp4,10
450,Wave/Wave_12_19.mp4,10
451,Wave/Wave_12_2.mp4,10
452,Wave/Wave_12_20.mp4,10
453,Wave/Wave_12_21.mp4,10
454,Wave/Wave_12_22.mp4,10
455,Wave/Wave_12_23.mp4,10
456,Wave/Wave_12_24.mp4,10
457,Wave/Wave_12_25.mp4,10
458,Wave/Wave_12_26.mp4,10
459,Wave/Wave_12_3.mp4,10
460,Wave/Wave_12_4.mp4,10
461,Wave/Wave_12_5.mp4,10
462,Wave/Wave_12_6.mp4,10
463,Wave/Wave_12_7.mp4,10
464,Wave/Wave_12_8.mp4,10
465,Wave/Wave_12_9.mp4,10
466,Wave/Wave_1_1.mp4,10
467,Wave/Wave_1_2.mp4,10
468,Wave/Wave_1_3.mp4,10
469,Wave/Wave_1_4.mp4,10
470,Wave/Wave_3_12.mp4,10
471,Wave/Wave_3_13.mp4,10
472,Wave/Wave_3_14.mp4,10
473,Wave/Wave_3_15.mp4,10
474,Wave/Wave_3_16.mp4,10
475,Wave/Wave_3_18.mp4,10
476,Wave/Wave_3_19.mp4,10
477,Wave/Wave_3_2.mp4,10
478,Wave/Wave_3_20.mp4,10
479,Wave/Wave_3_21.mp4,10
480,Wave/Wave_3_22.mp4,10
481,Wave/Wave_3_25.mp4,10
482,Wave/Wave_3_26.mp4,10
483,Wave/Wave_3_27.mp4,10
484,Wave/Wave_3_28.mp4,10
485,Wave/Wave_3_29.mp4,10
486,Wave/Wave_3_3.mp4,10
487,Wave/Wave_3_30.mp4,10
488,Wave/Wave_3_31.mp4,10
489,Wave/Wave_3_32.mp4,10
490,Wave/Wave_3_34.mp4,10
491,Wave/Wave_3_35.mp4,10
492,Wave/Wave_3_4.mp4,10
493,Wave/Wave_3_5.mp4,10
494,Wave/Wave_3_6.mp4,10
495,Wave/Wave_3_7.mp4,10
496,Wave/Wave_3_8.mp4,10
497,Wave/Wave_3_9.mp4,10
498,Wave/Wave_4_1.mp4,10
499,Wave/Wave_4_10.mp4,10
500,Wave/Wave_4_11.mp4,10
501,Wave/Wave_4_12.mp4,10
502,Wave/Wave_4_14.mp4,10
503,Wave/Wave_4_15.mp4,10
504,Wave/Wave_4_16.mp4,10
505,Wave/Wave_4_17.mp4,10
506,Wave/Wave_4_18.mp4,10
507,Wave/Wave_4_2.mp4,10
508,Wave/Wave_4_20.mp4,10
509,Wave/Wave_4_21.mp4,10
510,Wave/Wave_4_22.mp4,10
511,Wave/Wave_4_23.mp4,10
512,Wave/Wave_4_24.mp4,10
513,Wave/Wave_4_25.mp4,10
514,Wave/Wave_4_26.mp4,10
515,Wave/Wave_4_27.mp4,10
516,Wave/Wave_4_28.mp4,10
517,Wave/Wave_4_30.mp4,10
518,Wave/Wave_4_32.mp4,10
519,Wave/Wave_4_33.mp4,10
520,Wave/Wave_4_34.mp4,10
521,Wave/Wave_4_36.mp4,10
522,Wave/Wave_4_37.mp4,10
523,Wave/Wave_4_38.mp4,10
524,Wave/Wave_4_6.mp4,10
525,Wave/Wave_4_7.mp4,10
526,Wave/Wave_5_1.mp4,10
527,Wave/Wave_5_10.mp4,10
528,Wave/Wave_5_11.mp4,10
529,Wave/Wave_5_13.mp4,10
530,Wave/Wave_5_15.mp4,10
531,Wave/Wave_5_16.mp4,10
532,Wave/Wave_5_17.mp4,10
533,Wave/Wave_5_18.mp4,10
534,Wave/Wave_5_19.mp4,10
535,Wave/Wave_5_2.mp4,10
536,Wave/Wave_5_20.mp4,10
537,Wave/Wave_5_22.mp4,10
538,Wave/Wave_5_23.mp4,10
539,Wave/Wave_5_24.mp4,10
540,Wave/Wave_5_25.mp4,10
541,Wave/Wave_5_26.mp4,10
542,Wave/Wave_5_27.mp4,10
543,Wave/Wave_5_29.mp4,10
544,Wave/Wave_5_31.mp4,10
545,Wave/Wave_5_32.mp4,10
546,Wave/Wave_5_34.mp4,10
547,Wave/Wave_5_35.mp4,10
548,Wave/Wave_5_36.mp4,10
549,Wave/Wave_5_37.mp4,10
550,Wave/Wave_5_4.mp4,10
551,Wave/Wave_5_7.mp4,10
552,Wave/Wave_5_8.mp4,10
553,Wave/Wave_5_9.mp4,10
554,Wave/Wave_6_1.mp4,10
555,Wave/Wave_6_11.mp4,10
556,Wave/Wave_6_13.mp4,10
557,Wave/Wave_6_14.mp4,10
558,Wave/Wave_6_15.mp4,10
559,Wave/Wave_6_16.mp4,10
560,Wave/Wave_6_17.mp4,10
561,Wave/Wave_6_18.mp4,10
562,Wave/Wave_6_19.mp4,10
563,Wave/Wave_6_2.mp4,10
564,Wave/Wave_6_20.mp4,10
565,Wave/Wave_6_21.mp4,10
566,Wave/Wave_6_22.mp4,10
567,Wave/Wave_6_23.mp4,10
568,Wave/Wave_6_24.mp4,10
569,Wave/Wave_6_25.mp4,10
570,Wave/Wave_6_26.mp4,10
571,Wave/Wave_6_27.mp4,10
572,Wave/Wave_6_28.mp4,10
573,Wave/Wave_6_3.mp4,10
574,Wave/Wave_6_30.mp4,10
575,Wave/Wave_6_31.mp4,10
576,Wave/Wave_6_4.mp4,10
577,Wave/Wave_6_5.mp4,10
578,Wave/Wave_6_6.mp4,10
579,Wave/Wave_6_7.mp4,10
580,Wave/Wave_6_8.mp4,10
581,Wave/Wave_6_9.mp4,10
582,Wave/Wave_7_1.mp4,10
583,Wave/Wave_7_12.mp4,10
584,Wave/Wave_7_13.mp4,10
585,Wave/Wave_7_15.mp4,10
586,Wave/Wave_7_16.mp4,10
587,Wave/Wave_7_17.mp4,10
588,Wave/Wave_7_18.mp4,10
589,Wave/Wave_7_2.mp4,10
590,Wave/Wave_7_20.mp4,10
591,Wave/Wave_7_21.mp4,10
592,Wave/Wave_7_22.mp4,10
593,Wave/Wave_7_23.mp4,10
594,Wave/Wave_7_25.mp4,10
595,Wave/Wave_7_26.mp4,10
596,Wave/Wave_7_28.mp4,10
597,Wave/Wave_7_29.mp4,10
598,Wave/Wave_7_31.mp4,10
599,Wave/Wave_7_32.mp4,10
600,Wave/Wave_7_33.mp4,10
601,Wave/Wave_7_35.mp4,10
602,Wave/Wave_7_37.mp4,10
603,Wave/Wave_7_40.mp4,10
604,Wave/Wave_7_41.mp4,10
605,Wave/Wave_7_42.mp4,10
606,Wave/Wave_7_43.mp4,10
607,Wave/Wave_7_5.mp4,10
608,Wave/Wave_7_8.mp4,10
609,Wave/Wave_7_9.mp4,10
610,Wave/Wave_8_1.mp4,10
611,Wave/Wave_8_10.mp4,10
612,Wave/Wave_8_11.mp4,10
613,Wave/Wave_8_12.mp4,10
614,Wave/Wave_8_13.mp4,10
615,Wave/Wave_8_14.mp4,10
616,Wave/Wave_8_15.mp4,10
617,Wave/Wave_8_16.mp4,10
618,Wave/Wave_8_17.mp4,10
619,Wave/Wave_8_18.mp4,10
620,Wave/Wave_8_19.mp4,10
621,Wave/Wave_8_2.mp4,10
622,Wave/Wave_8_20.mp4,10
623,Wave/Wave_8_21.mp4,10
624,Wave/Wave_8_3.mp4,10
625,Wave/Wave_8_4.mp4,10
626,Wave/Wave_8_5.mp4,10
627,Wave/Wave_8_6.mp4,10
628,Wave/Wave_8_7.mp4,10
629,Wave/Wave_8_8.mp4,10
630,Wave/Wave_8_9.mp4,10
631,Wave/Wave_9_1.mp4,10
632,Wave/Wave_9_10.mp4,10
633,Wave/Wave_9_11.mp4,10
634,Wave/Wave_9_12.mp4,10
635,Wave/Wave_9_13.mp4,10
636,Wave/Wave_9_2.mp4,10
637,Wave/Wave_9_3.mp4,10
638,Wave/Wave_9_4.mp4,10
639,Wave/Wave_9_5.mp4,10
640,Wave/Wave_9_6.mp4,10
641,Wave/Wave_9_7.mp4,10
642,Wave/Wave_9_8.mp4,10
643,Wave/Wave_9_9.mp4,10
644,Pick/Pick_10_1.mp4,2
645,Pick/Pick_10_10.mp4,2
646,Pick/Pick_10_11.mp4,2
647,Pick/Pick_10_12.mp4,2
648,Pick/Pick_10_15.mp4,2
649,Pick/Pick_10_16.mp4,2
650,Pick/Pick_10_19.mp4,2
651,Pick/Pick_10_2.mp4,2
652,Pick/Pick_10_20.mp4,2
653,Pick/Pick_10_3.mp4,2
654,Pick/Pick_10_5.mp4,2
655,Pick/Pick_10_6.mp4,2
656,Pick/Pick_10_7.mp4,2
657,Pick/Pick_11_1.mp4,2
658,Pick/Pick_11_2.mp4,2
659,Pick/Pick_13_1.mp4,2
660,Pick/Pick_13_10.mp4,2
661,Pick/Pick_13_2.mp4,2
662,Pick/Pick_13_3.mp4,2
663,Pick/Pick_13_4.mp4,2
664,Pick/Pick_13_5.mp4,2
665,Pick/Pick_13_6.mp4,2
666,Pick/Pick_13_7.mp4,2
667,Pick/Pick_13_8.mp4,2
668,Pick/Pick_13_9.mp4,2
669,Pick/Pick_14_1.mp4,2
670,Pick/Pick_14_10.mp4,2
671,Pick/Pick_14_12.mp4,2
672,Pick/Pick_14_13.mp4,2
673,Pick/Pick_14_14.mp4,2
674,Pick/Pick_14_2.mp4,2
675,Pick/Pick_14_3.mp4,2
676,Pick/Pick_14_4.mp4,2
677,Pick/Pick_14_5.mp4,2
678,Pick/Pick_14_6.mp4,2
679,Pick/Pick_14_7.mp4,2
680,Pick/Pick_14_8.mp4,2
681,Pick/Pick_14_9.mp4,2
682,Pick/Pick_1_12.mp4,2
683,Pick/Pick_1_13.mp4,2
684,Pick/Pick_1_14.mp4,2
685,Pick/Pick_1_15.mp4,2
686,Pick/Pick_1_16.mp4,2
687,Pick/Pick_1_17.mp4,2
688,Pick/Pick_1_2.mp4,2
689,Pick/Pick_1_3.mp4,2
690,Pick/Pick_1_4.mp4,2
691,Pick/Pick_1_5.mp4,2
692,Pick/Pick_1_7.mp4,2
693,Pick/Pick_1_8.mp4,2
694,Pick/Pick_1_9.mp4,2
695,Pick/Pick_2_1.mp4,2
696,Pick/Pick_2_10.mp4,2
697,Pick/Pick_2_12.mp4,2
698,Pick/Pick_2_14.mp4,2
699,Pick/Pick_2_16.mp4,2
700,Pick/Pick_2_17.mp4,2
701,Pick/Pick_2_18.mp4,2
702,Pick/Pick_2_19.mp4,2
703,Pick/Pick_2_20.mp4,2
704,Pick/Pick_2_4.mp4,2
705,Pick/Pick_2_5.mp4,2
706,Pick/Pick_2_6.mp4,2
707,Pick/Pick_2_8.mp4,2
708,Pick/Pick_3_1.mp4,2
709,Pick/Pick_3_2.mp4,2
710,Pick/Pick_3_3.mp4,2
711,Pick/Pick_3_4.mp4,2
712,Pick/Pick_3_5.mp4,2
713,Pick/Pick_3_6.mp4,2
714,Pick/Pick_4_14.mp4,2
715,Pick/Pick_4_15.mp4,2
716,Pick/Pick_4_16.mp4,2
717,Pick/Pick_4_17.mp4,2
718,Pick/Pick_4_18.mp4,2
719,Pick/Pick_4_19.mp4,2
720,Pick/Pick_4_2.mp4,2
721,Pick/Pick_4_3.mp4,2
722,Pick/Pick_4_5.mp4,2
723,Pick/Pick_4_6.mp4,2
724,Pick/Pick_4_7.mp4,2
725,Pick/Pick_4_8.mp4,2
726,Pick/Pick_4_9.mp4,2
727,Pick/Pick_6_1.mp4,2
728,Pick/Pick_6_2.mp4,2
729,Pick/Pick_6_3.mp4,2
730,Pick/Pick_6_4.mp4,2
731,Pick/Pick_6_5.mp4,2
732,Pick/Pick_6_6.mp4,2
733,Pick/Pick_6_7.mp4,2
734,Pick/Pick_6_8.mp4,2
735,Pick/Pick_7_1.mp4,2
736,Pick/Pick_7_2.mp4,2
737,Pick/Pick_7_3.mp4,2
738,Pick/Pick_7_4.mp4,2
739,Pick/Pick_7_5.mp4,2
740,Pick/Pick_7_6.mp4,2
741,Pick/Pick_8_1.mp4,2
742,Pick/Pick_8_10.mp4,2
743,Pick/Pick_8_11.mp4,2
744,Pick/Pick_8_12.mp4,2
745,Pick/Pick_8_13.mp4,2
746,Pick/Pick_8_2.mp4,2
747,Pick/Pick_8_3.mp4,2
748,Pick/Pick_8_4.mp4,2
749,Pick/Pick_8_5.mp4,2
750,Pick/Pick_8_6.mp4,2
751,Pick/Pick_8_7.mp4,2
752,Pick/Pick_8_8.mp4,2
753,Pick/Pick_8_9.mp4,2
754,Pour/Pour_10_1.mp4,3
755,Pour/Pour_10_11.mp4,3
756,Pour/Pour_10_12.mp4,3
757,Pour/Pour_10_14.mp4,3
758,Pour/Pour_10_15.mp4,3
759,Pour/Pour_10_16.mp4,3
760,Pour/Pour_10_17.mp4,3
761,Pour/Pour_10_18.mp4,3
762,Pour/Pour_10_19.mp4,3
763,Pour/Pour_10_2.mp4,3
764,Pour/Pour_10_20.mp4,3
765,Pour/Pour_10_21.mp4,3
766,Pour/Pour_10_22.mp4,3
767,Pour/Pour_10_3.mp4,3
768,Pour/Pour_10_4.mp4,3
769,Pour/Pour_10_5.mp4,3
770,Pour/Pour_10_6.mp4,3
771,Pour/Pour_10_7.mp4,3
772,Pour/Pour_10_8.mp4,3
773,Pour/Pour_10_9.mp4,3
774,Pour/Pour_12_1.mp4,3
775,Pour/Pour_12_10.mp4,3
776,Pour/Pour_12_2.mp4,3
777,Pour/Pour_12_3.mp4,3
778,Pour/Pour_12_4.mp4,3
779,Pour/Pour_12_5.mp4,3
780,Pour/Pour_12_6.mp4,3
781,Pour/Pour_12_7.mp4,3
782,Pour/Pour_12_8.mp4,3
783,Pour/Pour_12_9.mp4,3
784,Pour/Pour_14_11.mp4,3
785,Pour/Pour_14_12.mp4,3
786,Pour/Pour_14_13.mp4,3
787,Pour/Pour_14_14.mp4,3
788,Pour/Pour_14_15.mp4,3
789,Pour/Pour_14_16.mp4,3
790,Pour/Pour_14_18.mp4,3
791,Pour/Pour_14_19.mp4,3
792,Pour/Pour_14_2.mp4,3
793,Pour/Pour_14_20.mp4,3
794,Pour/Pour_14_21.mp4,3
795,Pour/Pour_14_22.mp4,3
796,Pour/Pour_14_23.mp4,3
797,Pour/Pour_14_24.mp4,3
798,Pour/Pour_14_3.mp4,3
799,Pour/Pour_14_4.mp4,3
800,Pour/Pour_14_5.mp4,3
801,Pour/Pour_14_7.mp4,3
802,Pour/Pour_14_8.mp4,3
803,Pour/Pour_14_9.mp4,3
804,Pour/Pour_15_11.mp4,3
805,Pour/Pour_15_13.mp4,3
806,Pour/Pour_15_14.mp4,3
807,Pour/Pour_15_15.mp4,3
808,Pour/Pour_15_16.mp4,3
809,Pour/Pour_15_17.mp4,3
810,Pour/Pour_15_18.mp4,3
811,Pour/Pour_15_20.mp4,3
812,Pour/Pour_15_21.mp4,3
813,Pour/Pour_15_22.mp4,3
814,Pour/Pour_15_23.mp4,3
815,Pour/Pour_15_24.mp4,3
816,Pour/Pour_15_25.mp4,3
817,Pour/Pour_15_26.mp4,3
818,Pour/Pour_15_28.mp4,3
819,Pour/Pour_15_29.mp4,3
820,Pour/Pour_15_3.mp4,3
821,Pour/Pour_15_30.mp4,3
822,Pour/Pour_15_4.mp4,3
823,Pour/Pour_15_7.mp4,3
824,Pour/Pour_16_1.mp4,3
825,Pour/Pour_16_10.mp4,3
826,Pour/Pour_16_11.mp4,3
827,Pour/Pour_16_12.mp4,3
828,Pour/Pour_16_13.mp4,3
829,Pour/Pour_16_14.mp4,3
830,Pour/Pour_16_15.mp4,3
831,Pour/Pour_16_16.mp4,3
832,Pour/Pour_16_17.mp4,3
833,Pour/Pour_16_18.mp4,3
834,Pour/Pour_16_2.mp4,3
835,Pour/Pour_16_3.mp4,3
836,Pour/Pour_16_4.mp4,3
837,Pour/Pour_16_5.mp4,3
838,Pour/Pour_16_6.mp4,3
839,Pour/Pour_16_7.mp4,3
840,Pour/Pour_16_8.mp4,3
841,Pour/Pour_16_9.mp4,3
842,Pour/Pour_17_1.mp4,3
843,Pour/Pour_17_10.mp4,3
844,Pour/Pour_17_12.mp4,3
845,Pour/Pour_17_14.mp4,3
846,Pour/Pour_17_2.mp4,3
847,Pour/Pour_17_20.mp4,3
848,Pour/Pour_17_23.mp4,3
849,Pour/Pour_17_24.mp4,3
850,Pour/Pour_17_26.mp4,3
851,Pour/Pour_17_27.mp4,3
852,Pour/Pour_17_29.mp4,3
853,Pour/Pour_17_30.mp4,3
854,Pour/Pour_17_31.mp4,3
855,Pour/Pour_17_32.mp4,3
856,Pour/Pour_17_34.mp4,3
857,Pour/Pour_17_36.mp4,3
858,Pour/Pour_17_4.mp4,3
859,Pour/Pour_17_5.mp4,3
860,Pour/Pour_17_6.mp4,3
861,Pour/Pour_17_8.mp4,3
862,Pour/Pour_18_1.mp4,3
863,Pour/Pour_18_10.mp4,3
864,Pour/Pour_18_13.mp4,3
865,Pour/Pour_18_15.mp4,3
866,Pour/Pour_18_16.mp4,3
867,Pour/Pour_18_19.mp4,3
868,Pour/Pour_18_22.mp4,3
869,Pour/Pour_18_24.mp4,3
870,Pour/Pour_18_25.mp4,3
871,Pour/Pour_18_26.mp4,3
872,Pour/Pour_18_27.mp4,3
873,Pour/Pour_18_29.mp4,3
874,Pour/Pour_18_3.mp4,3
875,Pour/Pour_18_30.mp4,3
876,Pour/Pour_18_32.mp4,3
877,Pour/Pour_18_4.mp4,3
878,Pour/Pour_18_5.mp4,3
879,Pour/Pour_18_6.mp4,3
880,Pour/Pour_18_8.mp4,3
881,Pour/Pour_18_9.mp4,3
882,Pour/Pour_2_1.mp4,3
883,Pour/Pour_2_10.mp4,3
884,Pour/Pour_2_11.mp4,3
885,Pour/Pour_2_12.mp4,3
886,Pour/Pour_2_13.mp4,3
887,Pour/Pour_2_14.mp4,3
888,Pour/Pour_2_15.mp4,3
889,Pour/Pour_2_16.mp4,3
890,Pour/Pour_2_17.mp4,3
891,Pour/Pour_2_2.mp4,3
892,Pour/Pour_2_3.mp4,3
893,Pour/Pour_2_4.mp4,3
894,Pour/Pour_2_5.mp4,3
895,Pour/Pour_2_6.mp4,3
896,Pour/Pour_2_7.mp4,3
897,Pour/Pour_2_8.mp4,3
898,Pour/Pour_2_9.mp4,3
899,Pour/Pour_3_1.mp4,3
900,Pour/Pour_3_10.mp4,3
901,Pour/Pour_3_11.mp4,3
902,Pour/Pour_3_12.mp4,3
903,Pour/Pour_3_13.mp4,3
904,Pour/Pour_3_14.mp4,3
905,Pour/Pour_3_15.mp4,3
906,Pour/Pour_3_16.mp4,3
907,Pour/Pour_3_17.mp4,3
908,Pour/Pour_3_18.mp4,3
909,Pour/Pour_3_2.mp4,3
910,Pour/Pour_3_3.mp4,3
911,Pour/Pour_3_4.mp4,3
912,Pour/Pour_3_5.mp4,3
913,Pour/Pour_3_6.mp4,3
914,Pour/Pour_3_7.mp4,3
915,Pour/Pour_3_8.mp4,3
916,Pour/Pour_3_9.mp4,3
917,Pour/Pour_4_1.mp4,3
918,Pour/Pour_4_2.mp4,3
919,Pour/Pour_4_3.mp4,3
920,Pour/Pour_4_4.mp4,3
921,Pour/Pour_4_5.mp4,3
922,Pour/Pour_4_6.mp4,3
923,Pour/Pour_4_7.mp4,3
924,Pour/Pour_4_8.mp4,3
925,Pour/Pour_5_1.mp4,3
926,Pour/Pour_5_10.mp4,3
927,Pour/Pour_5_11.mp4,3
928,Pour/Pour_5_2.mp4,3
929,Pour/Pour_5_3.mp4,3
930,Pour/Pour_5_4.mp4,3
931,Pour/Pour_5_5.mp4,3
932,Pour/Pour_5_6.mp4,3
933,Pour/Pour_5_7.mp4,3
934,Pour/Pour_5_8.mp4,3
935,Pour/Pour_5_9.mp4,3
936,Pour/Pour_8_1.mp4,3
937,Pour/Pour_8_10.mp4,3
938,Pour/Pour_8_14.mp4,3
939,Pour/Pour_8_15.mp4,3
940,Pour/Pour_8_16.mp4,3
941,Pour/Pour_8_19.mp4,3
942,Pour/Pour_8_2.mp4,3
943,Pour/Pour_8_20.mp4,3
944,Pour/Pour_8_22.mp4,3
945,Pour/Pour_8_24.mp4,3
946,Pour/Pour_8_25.mp4,3
947,Pour/Pour_8_27.mp4,3
948,Pour/Pour_8_29.mp4,3
949,Pour/Pour_8_3.mp4,3
950,Pour/Pour_8_35.mp4,3
951,Pour/Pour_8_39.mp4,3
952,Pour/Pour_8_44.mp4,3
953,Pour/Pour_8_6.mp4,3
954,Pour/Pour_8_8.mp4,3
955,Pour/Pour_8_9.mp4,3
956,Pour/Pour_9_1.mp4,3
957,Pour/Pour_9_10.mp4,3
958,Pour/Pour_9_11.mp4,3
959,Pour/Pour_9_12.mp4,3
960,Pour/Pour_9_13.mp4,3
961,Pour/Pour_9_2.mp4,3
962,Pour/Pour_9_3.mp4,3
963,Pour/Pour_9_4.mp4,3
964,Pour/Pour_9_5.mp4,3
965,Pour/Pour_9_6.mp4,3
966,Pour/Pour_9_7.mp4,3
967,Pour/Pour_9_8.mp4,3
968,Pour/Pour_9_9.mp4,3
969,Push/Push_10_1.mp4,4
970,Push/Push_10_10.mp4,4
971,Push/Push_10_11.mp4,4
972,Push/Push_10_12.mp4,4
973,Push/Push_10_13.mp4,4
974,Push/Push_10_14.mp4,4
975,Push/Push_10_15.mp4,4
976,Push/Push_10_16.mp4,4
977,Push/Push_10_19.mp4,4
978,Push/Push_10_2.mp4,4
979,Push/Push_10_20.mp4,4
980,Push/Push_10_21.mp4,4
981,Push/Push_10_22.mp4,4
982,Push/Push_10_23.mp4,4
983,Push/Push_10_24.mp4,4
984,Push/Push_10_25.mp4,4
985,Push/Push_10_26.mp4,4
986,Push/Push_10_27.mp4,4
987,Push/Push_10_28.mp4,4
988,Push/Push_10_29.mp4,4
989,Push/Push_10_3.mp4,4
990,Push/Push_10_30.mp4,4
991,Push/Push_10_31.mp4,4
992,Push/Push_10_33.mp4,4
993,Push/Push_10_34.mp4,4
994,Push/Push_10_35.mp4,4
995,Push/Push_10_36.mp4,4
996,Push/Push_10_37.mp4,4
997,Push/Push_10_38.mp4,4
998,Push/Push_10_5.mp4,4
999,Push/Push_10_6.mp4,4
1000,Push/Push_10_8.mp4,4
1001,Push/Push_10_9.mp4,4
1002,Push/Push_12_1.mp4,4
1003,Push/Push_12_10.mp4,4
1004,Push/Push_12_11.mp4,4
1005,Push/Push_12_12.mp4,4
1006,Push/Push_12_13.mp4,4
1007,Push/Push_12_14.mp4,4
1008,Push/Push_12_15.mp4,4
1009,Push/Push_12_16.mp4,4
1010,Push/Push_12_17.mp4,4
1011,Push/Push_12_18.mp4,4
1012,Push/Push_12_19.mp4,4
1013,Push/Push_12_2.mp4,4
1014,Push/Push_12_20.mp4,4
1015,Push/Push_12_21.mp4,4
1016,Push/Push_12_3.mp4,4
1017,Push/Push_12_4.mp4,4
1018,Push/Push_12_5.mp4,4
1019,Push/Push_12_6.mp4,4
1020,Push/Push_12_7.mp4,4
1021,Push/Push_12_8.mp4,4
1022,Push/Push_12_9.mp4,4
1023,Push/Push_13_1.mp4,4
1024,Push/Push_13_10.mp4,4
1025,Push/Push_13_11.mp4,4
1026,Push/Push_13_12.mp4,4
1027,Push/Push_13_13.mp4,4
1028,Push/Push_13_14.mp4,4
1029,Push/Push_13_15.mp4,4
1030,Push/Push_13_16.mp4,4
1031,Push/Push_13_17.mp4,4
1032,Push/Push_13_18.mp4,4
1033,Push/Push_13_19.mp4,4
1034,Push/Push_13_2.mp4,4
1035,Push/Push_13_20.mp4,4
1036,Push/Push_13_21.mp4,4
1037,Push/Push_13_22.mp4,4
1038,Push/Push_13_25.mp4,4
1039,Push/Push_13_26.mp4,4
1040,Push/Push_13_27.mp4,4
1041,Push/Push_13_29.mp4,4
1042,Push/Push_13_3.mp4,4
1043,Push/Push_13_30.mp4,4
1044,Push/Push_13_31.mp4,4
1045,Push/Push_13_32.mp4,4
1046,Push/Push_13_33.mp4,4
1047,Push/Push_13_34.mp4,4
1048,Push/Push_13_35.mp4,4
1049,Push/Push_13_36.mp4,4
1050,Push/Push_13_37.mp4,4
1051,Push/Push_13_4.mp4,4
1052,Push/Push_13_40.mp4,4
1053,Push/Push_13_6.mp4,4
1054,Push/Push_13_8.mp4,4
1055,Push/Push_13_9.mp4,4
1056,Push/Push_14_10.mp4,4
1057,Push/Push_14_11.mp4,4
1058,Push/Push_14_12.mp4,4
1059,Push/Push_14_13.mp4,4
1060,Push/Push_14_14.mp4,4
1061,Push/Push_14_15.mp4,4
1062,Push/Push_14_16.mp4,4
1063,Push/Push_14_17.mp4,4
1064,Push/Push_14_19.mp4,4
1065,Push/Push_14_2.mp4,4
1066,Push/Push_14_22.mp4,4
1067,Push/Push_14_23.mp4,4
1068,Push/Push_14_24.mp4,4
1069,Push/Push_14_25.mp4,4
1070,Push/Push_14_26.mp4,4
1071,Push/Push_14_28.mp4,4
1072,Push/Push_14_29.mp4,4
1073,Push/Push_14_3.mp4,4
1074,Push/Push_14_31.mp4,4
1075,Push/Push_14_32.mp4,4
1076,Push/Push_14_33.mp4,4
1077,Push/Push_14_34.mp4,4
1078,Push/Push_14_35.mp4,4
1079,Push/Push_14_36.mp4,4
1080,Push/Push_14_38.mp4,4
1081,Push/Push_14_39.mp4,4
1082,Push/Push_14_40.mp4,4
1083,Push/Push_14_41.mp4,4
1084,Push/Push_14_42.mp4,4
1085,Push/Push_14_43.mp4,4
1086,Push/Push_14_5.mp4,4
1087,Push/Push_14_7.mp4,4
1088,Push/Push_14_8.mp4,4
1089,Push/Push_2_1.mp4,4
1090,Push/Push_2_10.mp4,4
1091,Push/Push_2_11.mp4,4
1092,Push/Push_2_2.mp4,4
1093,Push/Push_2_3.mp4,4
1094,Push/Push_2_4.mp4,4
1095,Push/Push_2_5.mp4,4
1096,Push/Push_2_6.mp4,4
1097,Push/Push_2_7.mp4,4
1098,Push/Push_2_8.mp4,4
1099,Push/Push_2_9.mp4,4
1100,Push/Push_3_1.mp4,4
1101,Push/Push_3_10.mp4,4
1102,Push/Push_3_11.mp4,4
1103,Push/Push_3_12.mp4,4
1104,Push/Push_3_13.mp4,4
1105,Push/Push_3_14.mp4,4
1106,Push/Push_3_15.mp4,4
1107,Push/Push_3_16.mp4,4
1108,Push/Push_3_17.mp4,4
1109,Push/Push_3_18.mp4,4
1110,Push/Push_3_19.mp4,4
1111,Push/Push_3_2.mp4,4
1112,Push/Push_3_3.mp4,4
1113,Push/Push_3_4.mp4,4
1114,Push/Push_3_5.mp4,4
1115,Push/Push_3_6.mp4,4
1116,Push/Push_3_7.mp4,4
1117,Push/Push_3_8.mp4,4
1118,Push/Push_3_9.mp4,4
1119,Push/Push_5_1.mp4,4
1120,Push/Push_5_10.mp4,4
1121,Push/Push_5_11.mp4,4
1122,Push/Push_5_12.mp4,4
1123,Push/Push_5_13.mp4,4
1124,Push/Push_5_14.mp4,4
1125,Push/Push_5_16.mp4,4
1126,Push/Push_5_17.mp4,4
1127,Push/Push_5_18.mp4,4
1128,Push/Push_5_19.mp4,4
1129,Push/Push_5_2.mp4,4
1130,Push/Push_5_20.mp4,4
1131,Push/Push_5_21.mp4,4
1132,Push/Push_5_22.mp4,4
1133,Push/Push_5_23.mp4,4
1134,Push/Push_5_24.mp4,4
1135,Push/Push_5_25.mp4,4
1136,Push/Push_5_26.mp4,4
1137,Push/Push_5_27.mp4,4
1138,Push/Push_5_28.mp4,4
1139,Push/Push_5_29.mp4,4
1140,Push/Push_5_3.mp4,4
1141,Push/Push_5_30.mp4,4
1142,Push/Push_5_31.mp4,4
1143,Push/Push_5_32.mp4,4
1144,Push/Push_5_33.mp4,4
1145,Push/Push_5_34.mp4,4
1146,Push/Push_5_4.mp4,4
1147,Push/Push_5_5.mp4,4
1148,Push/Push_5_6.mp4,4
1149,Push/Push_5_7.mp4,4
1150,Push/Push_5_8.mp4,4
1151,Push/Push_5_9.mp4,4
1152,Push/Push_6_1.mp4,4
1153,Push/Push_6_10.mp4,4
1154,Push/Push_6_11.mp4,4
1155,Push/Push_6_12.mp4,4
1156,Push/Push_6_13.mp4,4
1157,Push/Push_6_14.mp4,4
1158,Push/Push_6_15.mp4,4
1159,Push/Push_6_16.mp4,4
1160,Push/Push_6_17.mp4,4
1161,Push/Push_6_18.mp4,4
1162,Push/Push_6_2.mp4,4
1163,Push/Push_6_3.mp4,4
1164,Push/Push_6_4.mp4,4
1165,Push/Push_6_5.mp4,4
1166,Push/Push_6_6.mp4,4
1167,Push/Push_6_7.mp4,4
1168,Push/Push_6_8.mp4,4
1169,Push/Push_6_9.mp4,4
1170,Push/Push_8_1.mp4,4
1171,Push/Push_8_10.mp4,4
1172,Push/Push_8_11.mp4,4
1173,Push/Push_8_12.mp4,4
1174,Push/Push_8_15.mp4,4
1175,Push/Push_8_16.mp4,4
1176,Push/Push_8_21.mp4,4
1177,Push/Push_8_22.mp4,4
1178,Push/Push_8_23.mp4,4
1179,Push/Push_8_24.mp4,4
1180,Push/Push_8_25.mp4,4
1181,Push/Push_8_26.mp4,4
1182,Push/Push_8_27.mp4,4
1183,Push/Push_8_28.mp4,4
1184,Push/Push_8_29.mp4,4
1185,Push/Push_8_3.mp4,4
1186,Push/Push_8_31.mp4,4
1187,Push/Push_8_33.mp4,4
1188,Push/Push_8_36.mp4,4
1189,Push/Push_8_38.mp4,4
1190,Push/Push_8_39.mp4,4
1191,Push/Push_8_4.mp4,4
1192,Push/Push_8_40.mp4,4
1193,Push/Push_8_42.mp4,4
1194,Push/Push_8_43.mp4,4
1195,Push/Push_8_46.mp4,4
1196,Push/Push_8_47.mp4,4
1197,Push/Push_8_48.mp4,4
1198,Push/Push_8_49.mp4,4
1199,Push/Push_8_50.mp4,4
1200,Push/Push_8_6.mp4,4
1201,Push/Push_8_7.mp4,4
1202,Push/Push_8_9.mp4,4
1203,Push/Push_9_1.mp4,4
1204,Push/Push_9_10.mp4,4
1205,Push/Push_9_11.mp4,4
1206,Push/Push_9_12.mp4,4
1207,Push/Push_9_13.mp4,4
1208,Push/Push_9_14.mp4,4
1209,Push/Push_9_15.mp4,4
1210,Push/Push_9_16.mp4,4
1211,Push/Push_9_17.mp4,4
1212,Push/Push_9_18.mp4,4
1213,Push/Push_9_19.mp4,4
1214,Push/Push_9_2.mp4,4
1215,Push/Push_9_20.mp4,4
1216,Push/Push_9_21.mp4,4
1217,Push/Push_9_22.mp4,4
1218,Push/Push_9_23.mp4,4
1219,Push/Push_9_24.mp4,4
1220,Push/Push_9_25.mp4,4
1221,Push/Push_9_26.mp4,4
1222,Push/Push_9_27.mp4,4
1223,Push/Push_9_28.mp4,4
1224,Push/Push_9_29.mp4,4
1225,Push/Push_9_3.mp4,4
1226,Push/Push_9_30.mp4,4
1227,Push/Push_9_31.mp4,4
1228,Push/Push_9_32.mp4,4
1229,Push/Push_9_4.mp4,4
1230,Push/Push_9_5.mp4,4
1231,Push/Push_9_6.mp4,4
1232,Push/Push_9_7.mp4,4
1233,Push/Push_9_8.mp4,4
1234,Push/Push_9_9.mp4,4
1235,Run/Run_10_1.mp4,5
1236,Run/Run_10_10.mp4,5
1237,Run/Run_10_12.mp4,5
1238,Run/Run_10_13.mp4,5
1239,Run/Run_10_14.mp4,5
1240,Run/Run_10_15.mp4,5
1241,Run/Run_10_16.mp4,5
1242,Run/Run_10_17.mp4,5
1243,Run/Run_10_18.mp4,5
1244,Run/Run_10_2.mp4,5
1245,Run/Run_10_20.mp4,5
1246,Run/Run_10_21.mp4,5
1247,Run/Run_10_22.mp4,5
1248,Run/Run_10_23.mp4,5
1249,Run/Run_10_24.mp4,5
1250,Run/Run_10_25.mp4,5
1251,Run/Run_10_26.mp4,5
1252,Run/Run_10_27.mp4,5
1253,Run/Run_10_28.mp4,5
1254,Run/Run_10_29.mp4,5
1255,Run/Run_10_3.mp4,5
1256,Run/Run_10_31.mp4,5
1257,Run/Run_10_32.mp4,5
1258,Run/Run_10_4.mp4,5
1259,Run/Run_10_5.mp4,5
1260,Run/Run_10_6.mp4,5
1261,Run/Run_10_7.mp4,5
1262,Run/Run_10_9.mp4,5
1263,Run/Run_11_1.mp4,5
1264,Run/Run_11_10.mp4,5
1265,Run/Run_11_11.mp4,5
1266,Run/Run_11_12.mp4,5
1267,Run/Run_11_13.mp4,5
1268,Run/Run_11_14.mp4,5
1269,Run/Run_11_16.mp4,5
1270,Run/Run_11_17.mp4,5
1271,Run/Run_11_18.mp4,5
1272,Run/Run_11_19.mp4,5
1273,Run/Run_11_2.mp4,5
1274,Run/Run_11_20.mp4,5
1275,Run/Run_11_21.mp4,5
1276,Run/Run_11_22.mp4,5
1277,Run/Run_11_23.mp4,5
1278,Run/Run_11_24.mp4,5
1279,Run/Run_11_25.mp4,5
1280,Run/Run_11_27.mp4,5
1281,Run/Run_11_28.mp4,5
1282,Run/Run_11_29.mp4,5
1283,Run/Run_11_30.mp4,5
1284,Run/Run_11_31.mp4,5
1285,Run/Run_11_4.mp4,5
1286,Run/Run_11_5.mp4,5
1287,Run/Run_11_6.mp4,5
1288,Run/Run_11_7.mp4,5
1289,Run/Run_11_8.mp4,5
1290,Run/Run_11_9.mp4,5
1291,Run/Run_12_1.mp4,5
1292,Run/Run_12_11.mp4,5
1293,Run/Run_12_12.mp4,5
1294,Run/Run_12_14.mp4,5
1295,Run/Run_12_15.mp4,5
1296,Run/Run_12_16.mp4,5
1297,Run/Run_12_17.mp4,5
1298,Run/Run_12_19.mp4,5
1299,Run/Run_12_2.mp4,5
1300,Run/Run_12_20.mp4,5
1301,Run/Run_12_21.mp4,5
1302,Run/Run_12_22.mp4,5
1303,Run/Run_12_23.mp4,5
1304,Run/Run_12_24.mp4,5
1305,Run/Run_12_25.mp4,5
1306,Run/Run_12_26.mp4,5
1307,Run/Run_12_27.mp4,5
1308,Run/Run_12_28.mp4,5
1309,Run/Run_12_29.mp4,5
1310,Run/Run_12_3.mp4,5
1311,Run/Run_12_31.mp4,5
1312,Run/Run_12_32.mp4,5
1313,Run/Run_12_33.mp4,5
1314,Run/Run_12_5.mp4,5
1315,Run/Run_12_6.mp4,5
1316,Run/Run_12_7.mp4,5
1317,Run/Run_12_8.mp4,5
1318,Run/Run_12_9.mp4,5
1319,Run/Run_2_1.mp4,5
1320,Run/Run_2_10.mp4,5
1321,Run/Run_2_11.mp4,5
1322,Run/Run_2_12.mp4,5
1323,Run/Run_2_13.mp4,5
1324,Run/Run_2_14.mp4,5
1325,Run/Run_2_15.mp4,5
1326,Run/Run_2_16.mp4,5
1327,Run/Run_2_17.mp4,5
1328,Run/Run_2_18.mp4,5
1329,Run/Run_2_19.mp4,5
1330,Run/Run_2_2.mp4,5
1331,Run/Run_2_20.mp4,5
1332,Run/Run_2_21.mp4,5
1333,Run/Run_2_22.mp4,5
1334,Run/Run_2_23.mp4,5
1335,Run/Run_2_24.mp4,5
1336,Run/Run_2_25.mp4,5
1337,Run/Run_2_26.mp4,5
1338,Run/Run_2_3.mp4,5
1339,Run/Run_2_4.mp4,5
1340,Run/Run_2_5.mp4,5
1341,Run/Run_2_6.mp4,5
1342,Run/Run_2_7.mp4,5
1343,Run/Run_2_8.mp4,5
1344,Run/Run_2_9.mp4,5
1345,Run/Run_3_1.mp4,5
1346,Run/Run_3_10.mp4,5
1347,Run/Run_3_11.mp4,5
1348,Run/Run_3_12.mp4,5
1349,Run/Run_3_13.mp4,5
1350,Run/Run_3_14.mp4,5
1351,Run/Run_3_15.mp4,5
1352,Run/Run_3_16.mp4,5
1353,Run/Run_3_17.mp4,5
1354,Run/Run_3_18.mp4,5
1355,Run/Run_3_19.mp4,5
1356,Run/Run_3_2.mp4,5
1357,Run/Run_3_20.mp4,5
1358,Run/Run_3_21.mp4,5
1359,Run/Run_3_3.mp4,5
1360,Run/Run_3_4.mp4,5
1361,Run/Run_3_5.mp4,5
1362,Run/Run_3_6.mp4,5
1363,Run/Run_3_7.mp4,5
1364,Run/Run_3_8.mp4,5
1365,Run/Run_3_9.mp4,5
1366,Run/Run_4_1.mp4,5
1367,Run/Run_4_10.mp4,5
1368,Run/Run_4_11.mp4,5
1369,Run/Run_4_12.mp4,5
1370,Run/Run_4_13.mp4,5
1371,Run/Run_4_14.mp4,5
1372,Run/Run_4_15.mp4,5
1373,Run/Run_4_16.mp4,5
1374,Run/Run_4_17.mp4,5
1375,Run/Run_4_18.mp4,5
1376,Run/Run_4_19.mp4,5
1377,Run/Run_4_2.mp4,5
1378,Run/Run_4_20.mp4,5
1379,Run/Run_4_21.mp4,5
1380,Run/Run_4_22.mp4,5
1381,Run/Run_4_23.mp4,5
1382,Run/Run_4_24.mp4,5
1383,Run/Run_4_25.mp4,5
1384,Run/Run_4_3.mp4,5
1385,Run/Run_4_4.mp4,5
1386,Run/Run_4_5.mp4,5
1387,Run/Run_4_6.mp4,5
1388,Run/Run_4_7.mp4,5
1389,Run/Run_4_8.mp4,5
1390,Run/Run_4_9.mp4,5
1391,Run/Run_5_1.mp4,5
1392,Run/Run_5_10.mp4,5
1393,Run/Run_5_12.mp4,5
1394,Run/Run_5_14.mp4,5
1395,Run/Run_5_16.mp4,5
1396,Run/Run_5_19.mp4,5
1397,Run/Run_5_2.mp4,5
1398,Run/Run_5_20.mp4,5
1399,Run/Run_5_23.mp4,5
1400,Run/Run_5_24.mp4,5
1401,Run/Run_5_26.mp4,5
1402,Run/Run_5_29.mp4,5
1403,Run/Run_5_3.mp4,5
1404,Run/Run_5_30.mp4,5
1405,Run/Run_5_32.mp4,5
1406,Run/Run_5_33.mp4,5
1407,Run/Run_5_36.mp4,5
1408,Run/Run_5_38.mp4,5
1409,Run/Run_5_4.mp4,5
1410,Run/Run_5_40.mp4,5
1411,Run/Run_5_41.mp4,5
1412,Run/Run_5_42.mp4,5
1413,Run/Run_5_43.mp4,5
1414,Run/Run_5_44.mp4,5
1415,Run/Run_5_46.mp4,5
1416,Run/Run_5_6.mp4,5
1417,Run/Run_5_8.mp4,5
1418,Run/Run_5_9.mp4,5
1419,Run/Run_6_1.mp4,5
1420,Run/Run_6_10.mp4,5
1421,Run/Run_6_11.mp4,5
1422,Run/Run_6_12.mp4,5
1423,Run/Run_6_13.mp4,5
1424,Run/Run_6_14.mp4,5
1425,Run/Run_6_15.mp4,5
1426,Run/Run_6_16.mp4,5
1427,Run/Run_6_17.mp4,5
1428,Run/Run_6_18.mp4,5
1429,Run/Run_6_19.mp4,5
1430,Run/Run_6_2.mp4,5
1431,Run/Run_6_20.mp4,5
1432,Run/Run_6_3.mp4,5
1433,Run/Run_6_4.mp4,5
1434,Run/Run_6_5.mp4,5
1435,Run/Run_6_6.mp4,5
1436,Run/Run_6_7.mp4,5
1437,Run/Run_6_8.mp4,5
1438,Run/Run_6_9.mp4,5
1439,Run/Run_8_1.mp4,5
1440,Run/Run_8_10.mp4,5
1441,Run/Run_8_11.mp4,5
1442,Run/Run_8_12.mp4,5
1443,Run/Run_8_13.mp4,5
1444,Run/Run_8_14.mp4,5
1445,Run/Run_8_15.mp4,5
1446,Run/Run_8_16.mp4,5
1447,Run/Run_8_17.mp4,5
1448,Run/Run_8_18.mp4,5
1449,Run/Run_8_19.mp4,5
1450,Run/Run_8_2.mp4,5
1451,Run/Run_8_20.mp4,5
1452,Run/Run_8_21.mp4,5
1453,Run/Run_8_22.mp4,5
1454,Run/Run_8_3.mp4,5
1455,Run/Run_8_4.mp4,5
1456,Run/Run_8_5.mp4,5
1457,Run/Run_8_6.mp4,5
1458,Run/Run_8_7.mp4,5
1459,Run/Run_8_8.mp4,5
1460,Run/Run_8_9.mp4,5
1461,Sit/Sit_10_1.mp4,6
1462,Sit/Sit_10_10.mp4,6
1463,Sit/Sit_10_11.mp4,6
1464,Sit/Sit_10_12.mp4,6
1465,Sit/Sit_10_13.mp4,6
1466,Sit/Sit_10_2.mp4,6
1467,Sit/Sit_10_3.mp4,6
1468,Sit/Sit_10_4.mp4,6
1469,Sit/Sit_10_5.mp4,6
1470,Sit/Sit_10_6.mp4,6
1471,Sit/Sit_10_7.mp4,6
1472,Sit/Sit_10_8.mp4,6
1473,Sit/Sit_10_9.mp4,6
1474,Sit/Sit_12_10.mp4,6
1475,Sit/Sit_12_11.mp4,6
1476,Sit/Sit_12_12.mp4,6
1477,Sit/Sit_12_14.mp4,6
1478,Sit/Sit_12_15.mp4,6
1479,Sit/Sit_12_17.mp4,6
1480,Sit/Sit_12_18.mp4,6
1481,Sit/Sit_12_2.mp4,6
1482,Sit/Sit_12_20.mp4,6
1483,Sit/Sit_12_21.mp4,6
1484,Sit/Sit_12_23.mp4,6
1485,Sit/Sit_12_25.mp4,6
1486,Sit/Sit_12_3.mp4,6
1487,Sit/Sit_12_5.mp4,6
1488,Sit/Sit_12_6.mp4,6
1489,Sit/Sit_12_9.mp4,6
1490,Sit/Sit_13_13.mp4,6
1491,Sit/Sit_13_15.mp4,6
1492,Sit/Sit_13_16.mp4,6
1493,Sit/Sit_13_18.mp4,6
1494,Sit/Sit_13_19.mp4,6
1495,Sit/Sit_13_22.mp4,6
1496,Sit/Sit_13_23.mp4,6
1497,Sit/Sit_13_24.mp4,6
1498,Sit/Sit_13_25.mp4,6
1499,Sit/Sit_13_26.mp4,6
1500,Sit/Sit_13_3.mp4,6
1501,Sit/Sit_13_4.mp4,6
1502,Sit/Sit_13_5.mp4,6
1503,Sit/Sit_13_6.mp4,6
1504,Sit/Sit_13_7.mp4,6
1505,Sit/Sit_13_8.mp4,6
1506,Sit/Sit_1_1.mp4,6
1507,Sit/Sit_1_2.mp4,6
1508,Sit/Sit_1_3.mp4,6
1509,Sit/Sit_1_4.mp4,6
1510,Sit/Sit_1_5.mp4,6
1511,Sit/Sit_1_6.mp4,6
1512,Sit/Sit_1_7.mp4,6
1513,Sit/Sit_1_8.mp4,6
1514,Sit/Sit_1_9.mp4,6
1515,Sit/Sit_2_1.mp4,6
1516,Sit/Sit_2_2.mp4,6
1517,Sit/Sit_2_3.mp4,6
1518,Sit/Sit_2_4.mp4,6
1519,Sit/Sit_2_5.mp4,6
1520,Sit/Sit_2_6.mp4,6
1521,Sit/Sit_2_7.mp4,6
1522,Sit/Sit_2_8.mp4,6
1523,Sit/Sit_3_10.mp4,6
1524,Sit/Sit_3_11.mp4,6
1525,Sit/Sit_3_13.mp4,6
1526,Sit/Sit_3_14.mp4,6
1527,Sit/Sit_3_16.mp4,6
1528,Sit/Sit_3_17.mp4,6
1529,Sit/Sit_3_18.mp4,6
1530,Sit/Sit_3_19.mp4,6
1531,Sit/Sit_3_2.mp4,6
1532,Sit/Sit_3_22.mp4,6
1533,Sit/Sit_3_4.mp4,6
1534,Sit/Sit_3_5.mp4,6
1535,Sit/Sit_3_6.mp4,6
1536,Sit/Sit_3_7.mp4,6
1537,Sit/Sit_3_8.mp4,6
1538,Sit/Sit_3_9.mp4,6
1539,Sit/Sit_4_1.mp4,6
1540,Sit/Sit_4_10.mp4,6
1541,Sit/Sit_4_11.mp4,6
1542,Sit/Sit_4_12.mp4,6
1543,Sit/Sit_4_13.mp4,6
1544,Sit/Sit_4_14.mp4,6
1545,Sit/Sit_4_16.mp4,6
1546,Sit/Sit_4_17.mp4,6
1547,Sit/Sit_4_18.mp4,6
1548,Sit/Sit_4_19.mp4,6
1549,Sit/Sit_4_2.mp4,6
1550,Sit/Sit_4_5.mp4,6
1551,Sit/Sit_4_6.mp4,6
1552,Sit/Sit_4_7.mp4,6
1553,Sit/Sit_4_8.mp4,6
1554,Sit/Sit_4_9.mp4,6
1555,Sit/Sit_5_1.mp4,6
1556,Sit/Sit_5_10.mp4,6
1557,Sit/Sit_5_11.mp4,6
1558,Sit/Sit_5_12.mp4,6
1559,Sit/Sit_5_13.mp4,6
1560,Sit/Sit_5_2.mp4,6
1561,Sit/Sit_5_3.mp4,6
1562,Sit/Sit_5_4.mp4,6
1563,Sit/Sit_5_5.mp4,6
1564,Sit/Sit_5_6.mp4,6
1565,Sit/Sit_5_7.mp4,6
1566,Sit/Sit_5_8.mp4,6
1567,Sit/Sit_5_9.mp4,6
1568,Sit/Sit_6_1.mp4,6
1569,Sit/Sit_6_10.mp4,6
1570,Sit/Sit_6_11.mp4,6
1571,Sit/Sit_6_12.mp4,6
1572,Sit/Sit_6_13.mp4,6
1573,Sit/Sit_6_14.mp4,6
1574,Sit/Sit_6_15.mp4,6
1575,Sit/Sit_6_17.mp4,6
1576,Sit/Sit_6_2.mp4,6
1577,Sit/Sit_6_3.mp4,6
1578,Sit/Sit_6_4.mp4,6
1579,Sit/Sit_6_5.mp4,6
1580,Sit/Sit_6_6.mp4,6
1581,Sit/Sit_6_7.mp4,6
1582,Sit/Sit_6_8.mp4,6
1583,Sit/Sit_6_9.mp4,6
1584,Sit/Sit_7_1.mp4,6
1585,Sit/Sit_7_10.mp4,6
1586,Sit/Sit_7_11.mp4,6
1587,Sit/Sit_7_12.mp4,6
1588,Sit/Sit_7_2.mp4,6
1589,Sit/Sit_7_3.mp4,6
1590,Sit/Sit_7_4.mp4,6
1591,Sit/Sit_7_5.mp4,6
1592,Sit/Sit_7_6.mp4,6
1593,Sit/Sit_7_7.mp4,6
1594,Sit/Sit_7_8.mp4,6
1595,Sit/Sit_7_9.mp4,6
1596,Stand/Stand_10_1.mp4,7
1597,Stand/Stand_10_2.mp4,7
1598,Stand/Stand_10_3.mp4,7
1599,Stand/Stand_10_4.mp4,7
1600,Stand/Stand_10_5.mp4,7
1601,Stand/Stand_10_6.mp4,7
1602,Stand/Stand_11_1.mp4,7
1603,Stand/Stand_11_10.mp4,7
1604,Stand/Stand_11_12.mp4,7
1605,Stand/Stand_11_13.mp4,7
1606,Stand/Stand_11_14.mp4,7
1607,Stand/Stand_11_16.mp4,7
1608,Stand/Stand_11_17.mp4,7
1609,Stand/Stand_11_19.mp4,7
1610,Stand/Stand_11_2.mp4,7
1611,Stand/Stand_11_20.mp4,7
1612,Stand/Stand_11_3.mp4,7
1613,Stand/Stand_11_4.mp4,7
1614,Stand/Stand_11_5.mp4,7
1615,Stand/Stand_11_6.mp4,7
1616,Stand/Stand_11_8.mp4,7
1617,Stand/Stand_11_9.mp4,7
1618,Stand/Stand_12_1.mp4,7
1619,Stand/Stand_12_11.mp4,7
1620,Stand/Stand_12_12.mp4,7
1621,Stand/Stand_12_13.mp4,7
1622,Stand/Stand_12_15.mp4,7
1623,Stand/Stand_12_16.mp4,7
1624,Stand/Stand_12_17.mp4,7
1625,Stand/Stand_12_18.mp4,7
1626,Stand/Stand_12_2.mp4,7
1627,Stand/Stand_12_21.mp4,7
1628,Stand/Stand_12_23.mp4,7
1629,Stand/Stand_12_24.mp4,7
1630,Stand/Stand_12_25.mp4,7
1631,Stand/Stand_12_3.mp4,7
1632,Stand/Stand_12_4.mp4,7
1633,Stand/Stand_12_5.mp4,7
1634,Stand/Stand_13_1.mp4,7
1635,Stand/Stand_13_11.mp4,7
1636,Stand/Stand_13_13.mp4,7
1637,Stand/Stand_13_15.mp4,7
1638,Stand/Stand_13_19.mp4,7
1639,Stand/Stand_13_2.mp4,7
1640,Stand/Stand_13_21.mp4,7
1641,Stand/Stand_13_23.mp4,7
1642,Stand/Stand_13_24.mp4,7
1643,Stand/Stand_13_25.mp4,7
1644,Stand/Stand_13_27.mp4,7
1645,Stand/Stand_13_4.mp4,7
1646,Stand/Stand_13_5.mp4,7
1647,Stand/Stand_13_6.mp4,7
1648,Stand/Stand_13_8.mp4,7
1649,Stand/Stand_13_9.mp4,7
1650,Stand/Stand_14_1.mp4,7
1651,Stand/Stand_14_15.mp4,7
1652,Stand/Stand_14_19.mp4,7
1653,Stand/Stand_14_20.mp4,7
1654,Stand/Stand_14_21.mp4,7
1655,Stand/Stand_14_22.mp4,7
1656,Stand/Stand_14_24.mp4,7
1657,Stand/Stand_14_25.mp4,7
1658,Stand/Stand_14_28.mp4,7
1659,Stand/Stand_14_29.mp4,7
1660,Stand/Stand_14_30.mp4,7
1661,Stand/Stand_14_32.mp4,7
1662,Stand/Stand_14_4.mp4,7
1663,Stand/Stand_14_7.mp4,7
1664,Stand/Stand_14_8.mp4,7
1665,Stand/Stand_14_9.mp4,7
1666,Stand/Stand_1_10.mp4,7
1667,Stand/Stand_1_11.mp4,7
1668,Stand/Stand_1_12.mp4,7
1669,Stand/Stand_1_14.mp4,7
1670,Stand/Stand_1_15.mp4,7
1671,Stand/Stand_1_16.mp4,7
1672,Stand/Stand_1_17.mp4,7
1673,Stand/Stand_1_18.mp4,7
1674,Stand/Stand_1_2.mp4,7
1675,Stand/Stand_1_3.mp4,7
1676,Stand/Stand_1_4.mp4,7
1677,Stand/Stand_1_5.mp4,7
1678,Stand/Stand_1_6.mp4,7
1679,Stand/Stand_1_7.mp4,7
1680,Stand/Stand_1_8.mp4,7
1681,Stand/Stand_1_9.mp4,7
1682,Stand/Stand_2_1.mp4,7
1683,Stand/Stand_2_2.mp4,7
1684,Stand/Stand_2_3.mp4,7
1685,Stand/Stand_2_4.mp4,7
1686,Stand/Stand_2_5.mp4,7
1687,Stand/Stand_2_6.mp4,7
1688,Stand/Stand_2_7.mp4,7
1689,Stand/Stand_2_8.mp4,7
1690,Stand/Stand_2_9.mp4,7
1691,Stand/Stand_4_1.mp4,7
1692,Stand/Stand_4_10.mp4,7
1693,Stand/Stand_4_11.mp4,7
1694,Stand/Stand_4_12.mp4,7
1695,Stand/Stand_4_14.mp4,7
1696,Stand/Stand_4_15.mp4,7
1697,Stand/Stand_4_16.mp4,7
1698,Stand/Stand_4_17.mp4,7
1699,Stand/Stand_4_2.mp4,7
1700,Stand/Stand_4_3.mp4,7
1701,Stand/Stand_4_4.mp4,7
1702,Stand/Stand_4_5.mp4,7
1703,Stand/Stand_4_6.mp4,7
1704,Stand/Stand_4_7.mp4,7
1705,Stand/Stand_4_8.mp4,7
1706,Stand/Stand_4_9.mp4,7
1707,Stand/Stand_8_1.mp4,7
1708,Stand/Stand_8_12.mp4,7
1709,Stand/Stand_8_13.mp4,7
1710,Stand/Stand_8_14.mp4,7
1711,Stand/Stand_8_15.mp4,7
1712,Stand/Stand_8_16.mp4,7
1713,Stand/Stand_8_17.mp4,7
1714,Stand/Stand_8_18.mp4,7
1715,Stand/Stand_8_19.mp4,7
1716,Stand/Stand_8_21.mp4,7
1717,Stand/Stand_8_4.mp4,7
1718,Stand/Stand_8_5.mp4,7
1719,Stand/Stand_8_6.mp4,7
1720,Stand/Stand_8_7.mp4,7
1721,Stand/Stand_8_8.mp4,7
1722,Stand/Stand_8_9.mp4,7
1723,Stand/Stand_9_1.mp4,7
1724,Stand/Stand_9_10.mp4,7
1725,Stand/Stand_9_11.mp4,7
1726,Stand/Stand_9_12.mp4,7
1727,Stand/Stand_9_13.mp4,7
1728,Stand/Stand_9_14.mp4,7
1729,Stand/Stand_9_15.mp4,7
1730,Stand/Stand_9_2.mp4,7
1731,Stand/Stand_9_3.mp4,7
1732,Stand/Stand_9_4.mp4,7
1733,Stand/Stand_9_5.mp4,7
1734,Stand/Stand_9_6.mp4,7
1735,Stand/Stand_9_7.mp4,7
1736,Stand/Stand_9_8.mp4,7
1737,Stand/Stand_9_9.mp4,7
1738,Turn/Turn_10_1.mp4,8
1739,Turn/Turn_10_10.mp4,8
1740,Turn/Turn_10_11.mp4,8
1741,Turn/Turn_10_12.mp4,8
1742,Turn/Turn_10_13.mp4,8
1743,Turn/Turn_10_14.mp4,8
1744,Turn/Turn_10_15.mp4,8
1745,Turn/Turn_10_16.mp4,8
1746,Turn/Turn_10_17.mp4,8
1747,Turn/Turn_10_18.mp4,8
1748,Turn/Turn_10_19.mp4,8
1749,Turn/Turn_10_2.mp4,8
1750,Turn/Turn_10_20.mp4,8
1751,Turn/Turn_10_21.mp4,8
1752,Turn/Turn_10_22.mp4,8
1753,Turn/Turn_10_23.mp4,8
1754,Turn/Turn_10_24.mp4,8
1755,Turn/Turn_10_25.mp4,8
1756,Turn/Turn_10_26.mp4,8
1757,Turn/Turn_10_27.mp4,8
1758,Turn/Turn_10_28.mp4,8
1759,Turn/Turn_10_29.mp4,8
1760,Turn/Turn_10_3.mp4,8
1761,Turn/Turn_10_30.mp4,8
1762,Turn/Turn_10_31.mp4,8
1763,Turn/Turn_10_32.mp4,8
1764,Turn/Turn_10_33.mp4,8
1765,Turn/Turn_10_34.mp4,8
1766,Turn/Turn_10_35.mp4,8
1767,Turn/Turn_10_4.mp4,8
1768,Turn/Turn_10_6.mp4,8
1769,Turn/Turn_10_7.mp4,8
1770,Turn/Turn_10_8.mp4,8
1771,Turn/Turn_10_9.mp4,8
1772,Turn/Turn_11_1.mp4,8
1773,Turn/Turn_11_10.mp4,8
1774,Turn/Turn_11_11.mp4,8
1775,Turn/Turn_11_12.mp4,8
1776,Turn/Turn_11_13.mp4,8
1777,Turn/Turn_11_14.mp4,8
1778,Turn/Turn_11_15.mp4,8
1779,Turn/Turn_11_16.mp4,8
1780,Turn/Turn_11_17.mp4,8
1781,Turn/Turn_11_18.mp4,8
1782,Turn/Turn_11_19.mp4,8
1783,Turn/Turn_11_2.mp4,8
1784,Turn/Turn_11_20.mp4,8
1785,Turn/Turn_11_21.mp4,8
1786,Turn/Turn_11_22.mp4,8
1787,Turn/Turn_11_24.mp4,8
1788,Turn/Turn_11_25.mp4,8
1789,Turn/Turn_11_26.mp4,8
1790,Turn/Turn_11_27.mp4,8
1791,Turn/Turn_11_28.mp4,8
1792,Turn/Turn_11_29.mp4,8
1793,Turn/Turn_11_3.mp4,8
1794,Turn/Turn_11_30.mp4,8
1795,Turn/Turn_11_31.mp4,8
1796,Turn/Turn_11_32.mp4,8
1797,Turn/Turn_11_34.mp4,8
1798,Turn/Turn_11_35.mp4,8
1799,Turn/Turn_11_36.mp4,8
1800,Turn/Turn_11_4.mp4,8
1801,Turn/Turn_11_5.mp4,8
1802,Turn/Turn_11_6.mp4,8
1803,Turn/Turn_11_7.mp4,8
1804,Turn/Turn_11_8.mp4,8
1805,Turn/Turn_11_9.mp4,8
1806,Turn/Turn_12_1.mp4,8
1807,Turn/Turn_12_10.mp4,8
1808,Turn/Turn_12_11.mp4,8
1809,Turn/Turn_12_12.mp4,8
1810,Turn/Turn_12_13.mp4,8
1811,Turn/Turn_12_14.mp4,8
1812,Turn/Turn_12_15.mp4,8
1813,Turn/Turn_12_16.mp4,8
1814,Turn/Turn_12_17.mp4,8
1815,Turn/Turn_12_18.mp4,8
1816,Turn/Turn_12_19.mp4,8
1817,Turn/Turn_12_2.mp4,8
1818,Turn/Turn_12_20.mp4,8
1819,Turn/Turn_12_21.mp4,8
1820,Turn/Turn_12_23.mp4,8
1821,Turn/Turn_12_24.mp4,8
1822,Turn/Turn_12_25.mp4,8
1823,Turn/Turn_12_26.mp4,8
1824,Turn/Turn_12_28.mp4,8
1825,Turn/Turn_12_29.mp4,8
1826,Turn/Turn_12_3.mp4,8
1827,Turn/Turn_12_30.mp4,8
1828,Turn/Turn_12_31.mp4,8
1829,Turn/Turn_12_32.mp4,8
1830,Turn/Turn_12_34.mp4,8
1831,Turn/Turn_12_37.mp4,8
1832,Turn/Turn_12_38.mp4,8
1833,Turn/Turn_12_39.mp4,8
1834,Turn/Turn_12_4.mp4,8
1835,Turn/Turn_12_5.mp4,8
1836,Turn/Turn_12_6.mp4,8
1837,Turn/Turn_12_7.mp4,8
1838,Turn/Turn_12_8.mp4,8
1839,Turn/Turn_12_9.mp4,8
1840,Turn/Turn_1_10.mp4,8
1841,Turn/Turn_1_11.mp4,8
1842,Turn/Turn_1_13.mp4,8
1843,Turn/Turn_1_14.mp4,8
1844,Turn/Turn_1_17.mp4,8
1845,Turn/Turn_1_18.mp4,8
1846,Turn/Turn_1_19.mp4,8
1847,Turn/Turn_1_20.mp4,8
1848,Turn/Turn_1_22.mp4,8
1849,Turn/Turn_1_24.mp4,8
1850,Turn/Turn_1_25.mp4,8
1851,Turn/Turn_1_26.mp4,8
1852,Turn/Turn_1_27.mp4,8
1853,Turn/Turn_1_29.mp4,8
1854,Turn/Turn_1_3.mp4,8
1855,Turn/Turn_1_30.mp4,8
1856,Turn/Turn_1_31.mp4,8
1857,Turn/Turn_1_32.mp4,8
1858,Turn/Turn_1_33.mp4,8
1859,Turn/Turn_1_37.mp4,8
1860,Turn/Turn_1_38.mp4,8
1861,Turn/Turn_1_39.mp4,8
1862,Turn/Turn_1_42.mp4,8
1863,Turn/Turn_1_43.mp4,8
1864,Turn/Turn_1_44.mp4,8
1865,Turn/Turn_1_45.mp4,8
1866,Turn/Turn_1_46.mp4,8
1867,Turn/Turn_1_47.mp4,8
1868,Turn/Turn_1_51.mp4,8
1869,Turn/Turn_1_53.mp4,8
1870,Turn/Turn_1_54.mp4,8
1871,Turn/Turn_1_56.mp4,8
1872,Turn/Turn_1_6.mp4,8
1873,Turn/Turn_1_7.mp4,8
1874,Turn/Turn_2_1.mp4,8
1875,Turn/Turn_2_10.mp4,8
1876,Turn/Turn_2_11.mp4,8
1877,Turn/Turn_2_12.mp4,8
1878,Turn/Turn_2_13.mp4,8
1879,Turn/Turn_2_14.mp4,8
1880,Turn/Turn_2_16.mp4,8
1881,Turn/Turn_2_17.mp4,8
1882,Turn/Turn_2_18.mp4,8
1883,Turn/Turn_2_19.mp4,8
1884,Turn/Turn_2_2.mp4,8
1885,Turn/Turn_2_20.mp4,8
1886,Turn/Turn_2_21.mp4,8
1887,Turn/Turn_2_22.mp4,8
1888,Turn/Turn_2_23.mp4,8
1889,Turn/Turn_2_24.mp4,8
1890,Turn/Turn_2_25.mp4,8
1891,Turn/Turn_2_27.mp4,8
1892,Turn/Turn_2_28.mp4,8
1893,Turn/Turn_2_29.mp4,8
1894,Turn/Turn_2_3.mp4,8
1895,Turn/Turn_2_30.mp4,8
1896,Turn/Turn_2_31.mp4,8
1897,Turn/Turn_2_32.mp4,8
1898,Turn/Turn_2_33.mp4,8
1899,Turn/Turn_2_34.mp4,8
1900,Turn/Turn_2_35.mp4,8
1901,Turn/Turn_2_36.mp4,8
1902,Turn/Turn_2_37.mp4,8
1903,Turn/Turn_2_38.mp4,8
1904,Turn/Turn_2_5.mp4,8
1905,Turn/Turn_2_6.mp4,8
1906,Turn/Turn_2_7.mp4,8
1907,Turn/Turn_2_8.mp4,8
1908,Turn/Turn_3_10.mp4,8
1909,Turn/Turn_3_11.mp4,8
1910,Turn/Turn_3_12.mp4,8
1911,Turn/Turn_3_14.mp4,8
1912,Turn/Turn_3_15.mp4,8
1913,Turn/Turn_3_16.mp4,8
1914,Turn/Turn_3_18.mp4,8
1915,Turn/Turn_3_2.mp4,8
1916,Turn/Turn_3_20.mp4,8
1917,Turn/Turn_3_21.mp4,8
1918,Turn/Turn_3_22.mp4,8
1919,Turn/Turn_3_23.mp4,8
1920,Turn/Turn_3_24.mp4,8
1921,Turn/Turn_3_25.mp4,8
1922,Turn/Turn_3_26.mp4,8
1923,Turn/Turn_3_27.mp4,8
1924,Turn/Turn_3_28.mp4,8
1925,Turn/Turn_3_29.mp4,8
1926,Turn/Turn_3_30.mp4,8
1927,Turn/Turn_3_31.mp4,8
1928,Turn/Turn_3_32.mp4,8
1929,Turn/Turn_3_34.mp4,8
1930,Turn/Turn_3_35.mp4,8
1931,Turn/Turn_3_36.mp4,8
1932,Turn/Turn_3_37.mp4,8
1933,Turn/Turn_3_38.mp4,8
1934,Turn/Turn_3_39.mp4,8
1935,Turn/Turn_3_41.mp4,8
1936,Turn/Turn_3_42.mp4,8
1937,Turn/Turn_3_5.mp4,8
1938,Turn/Turn_3_6.mp4,8
1939,Turn/Turn_3_7.mp4,8
1940,Turn/Turn_3_8.mp4,8
1941,Turn/Turn_3_9.mp4,8
1942,Turn/Turn_4_1.mp4,8
1943,Turn/Turn_4_10.mp4,8
1944,Turn/Turn_4_11.mp4,8
1945,Turn/Turn_4_12.mp4,8
1946,Turn/Turn_4_13.mp4,8
1947,Turn/Turn_4_14.mp4,8
1948,Turn/Turn_4_15.mp4,8
1949,Turn/Turn_4_16.mp4,8
1950,Turn/Turn_4_17.mp4,8
1951,Turn/Turn_4_18.mp4,8
1952,Turn/Turn_4_19.mp4,8
1953,Turn/Turn_4_2.mp4,8
1954,Turn/Turn_4_20.mp4,8
1955,Turn/Turn_4_21.mp4,8
1956,Turn/Turn_4_22.mp4,8
1957,Turn/Turn_4_23.mp4,8
1958,Turn/Turn_4_24.mp4,8
1959,Turn/Turn_4_25.mp4,8
1960,Turn/Turn_4_26.mp4,8
1961,Turn/Turn_4_27.mp4,8
1962,Turn/Turn_4_28.mp4,8
1963,Turn/Turn_4_29.mp4,8
1964,Turn/Turn_4_3.mp4,8
1965,Turn/Turn_4_4.mp4,8
1966,Turn/Turn_4_5.mp4,8
1967,Turn/Turn_4_6.mp4,8
1968,Turn/Turn_4_7.mp4,8
1969,Turn/Turn_4_8.mp4,8
1970,Turn/Turn_4_9.mp4,8
1971,Turn/Turn_7_1.mp4,8
1972,Turn/Turn_7_10.mp4,8
1973,Turn/Turn_7_11.mp4,8
1974,Turn/Turn_7_12.mp4,8
1975,Turn/Turn_7_13.mp4,8
1976,Turn/Turn_7_15.mp4,8
1977,Turn/Turn_7_16.mp4,8
1978,Turn/Turn_7_17.mp4,8
1979,Turn/Turn_7_18.mp4,8
1980,Turn/Turn_7_19.mp4,8
1981,Turn/Turn_7_2.mp4,8
1982,Turn/Turn_7_20.mp4,8
1983,Turn/Turn_7_21.mp4,8
1984,Turn/Turn_7_22.mp4,8
1985,Turn/Turn_7_23.mp4,8
1986,Turn/Turn_7_24.mp4,8
1987,Turn/Turn_7_25.mp4,8
1988,Turn/Turn_7_26.mp4,8
1989,Turn/Turn_7_27.mp4,8
1990,Turn/Turn_7_28.mp4,8
1991,Turn/Turn_7_29.mp4,8
1992,Turn/Turn_7_3.mp4,8
1993,Turn/Turn_7_30.mp4,8
1994,Turn/Turn_7_31.mp4,8
1995,Turn/Turn_7_32.mp4,8
1996,Turn/Turn_7_33.mp4,8
1997,Turn/Turn_7_34.mp4,8
1998,Turn/Turn_7_35.mp4,8
1999,Turn/Turn_7_38.mp4,8
2000,Turn/Turn_7_4.mp4,8
2001,Turn/Turn_7_5.mp4,8
2002,Turn/Turn_7_6.mp4,8
2003,Turn/Turn_7_8.mp4,8
2004,Turn/Turn_7_9.mp4,8
2005,Turn/Turn_9_1.mp4,8
2006,Turn/Turn_9_2.mp4,8
2007,Turn/Turn_9_3.mp4,8
2008,Turn/Turn_9_4.mp4,8
2009,Turn/Turn_9_5.mp4,8
2010,Turn/Turn_9_6.mp4,8
2011,Turn/Turn_9_7.mp4,8
2012,Walk/Walk_10_1.mp4,9
2013,Walk/Walk_10_10.mp4,9
2014,Walk/Walk_10_11.mp4,9
2015,Walk/Walk_10_12.mp4,9
2016,Walk/Walk_10_13.mp4,9
2017,Walk/Walk_10_2.mp4,9
2018,Walk/Walk_10_3.mp4,9
2019,Walk/Walk_10_4.mp4,9
2020,Walk/Walk_10_5.mp4,9
2021,Walk/Walk_10_6.mp4,9
2022,Walk/Walk_10_7.mp4,9
2023,Walk/Walk_10_8.mp4,9
2024,Walk/Walk_10_9.mp4,9
2025,Walk/Walk_11_1.mp4,9
2026,Walk/Walk_11_10.mp4,9
2027,Walk/Walk_11_12.mp4,9
2028,Walk/Walk_11_13.mp4,9
2029,Walk/Walk_11_14.mp4,9
2030,Walk/Walk_11_15.mp4,9
2031,Walk/Walk_11_16.mp4,9
2032,Walk/Walk_11_17.mp4,9
2033,Walk/Walk_11_18.mp4,9
2034,Walk/Walk_11_19.mp4,9
2035,Walk/Walk_11_20.mp4,9
2036,Walk/Walk_11_21.mp4,9
2037,Walk/Walk_11_23.mp4,9
2038,Walk/Walk_11_24.mp4,9
2039,Walk/Walk_11_25.mp4,9
2040,Walk/Walk_11_26.mp4,9
2041,Walk/Walk_11_27.mp4,9
2042,Walk/Walk_11_28.mp4,9
2043,Walk/Walk_11_29.mp4,9
2044,Walk/Walk_11_3.mp4,9
2045,Walk/Walk_11_30.mp4,9
2046,Walk/Walk_11_31.mp4,9
2047,Walk/Walk_11_32.mp4,9
2048,Walk/Walk_11_33.mp4,9
2049,Walk/Walk_11_34.mp4,9
2050,Walk/Walk_11_35.mp4,9
2051,Walk/Walk_11_36.mp4,9
2052,Walk/Walk_11_4.mp4,9
2053,Walk/Walk_11_6.mp4,9
2054,Walk/Walk_11_7.mp4,9
2055,Walk/Walk_11_8.mp4,9
2056,Walk/Walk_11_9.mp4,9
2057,Walk/Walk_12_1.mp4,9
2058,Walk/Walk_12_11.mp4,9
2059,Walk/Walk_12_12.mp4,9
2060,Walk/Walk_12_14.mp4,9
2061,Walk/Walk_12_15.mp4,9
2062,Walk/Walk_12_16.mp4,9
2063,Walk/Walk_12_17.mp4,9
2064,Walk/Walk_12_18.mp4,9
2065,Walk/Walk_12_19.mp4,9
2066,Walk/Walk_12_2.mp4,9
2067,Walk/Walk_12_20.mp4,9
2068,Walk/Walk_12_21.mp4,9
2069,Walk/Walk_12_22.mp4,9
2070,Walk/Walk_12_24.mp4,9
2071,Walk/Walk_12_25.mp4,9
2072,Walk/Walk_12_26.mp4,9
2073,Walk/Walk_12_27.mp4,9
2074,Walk/Walk_12_28.mp4,9
2075,Walk/Walk_12_29.mp4,9
2076,Walk/Walk_12_3.mp4,9
2077,Walk/Walk_12_30.mp4,9
2078,Walk/Walk_12_31.mp4,9
2079,Walk/Walk_12_32.mp4,9
2080,Walk/Walk_12_33.mp4,9
2081,Walk/Walk_12_34.mp4,9
2082,Walk/Walk_12_35.mp4,9
2083,Walk/Walk_12_4.mp4,9
2084,Walk/Walk_12_5.mp4,9
2085,Walk/Walk_12_6.mp4,9
2086,Walk/Walk_12_7.mp4,9
2087,Walk/Walk_12_8.mp4,9
2088,Walk/Walk_12_9.mp4,9
2089,Walk/Walk_13_1.mp4,9
2090,Walk/Walk_13_10.mp4,9
2091,Walk/Walk_13_11.mp4,9
2092,Walk/Walk_13_12.mp4,9
2093,Walk/Walk_13_13.mp4,9
2094,Walk/Walk_13_14.mp4,9
2095,Walk/Walk_13_15.mp4,9
2096,Walk/Walk_13_16.mp4,9
2097,Walk/Walk_13_17.mp4,9
2098,Walk/Walk_13_18.mp4,9
2099,Walk/Walk_13_19.mp4,9
2100,Walk/Walk_13_2.mp4,9
2101,Walk/Walk_13_20.mp4,9
2102,Walk/Walk_13_21.mp4,9
2103,Walk/Walk_13_22.mp4,9
2104,Walk/Walk_13_23.mp4,9
2105,Walk/Walk_13_24.mp4,9
2106,Walk/Walk_13_25.mp4,9
2107,Walk/Walk_13_26.mp4,9
2108,Walk/Walk_13_27.mp4,9
2109,Walk/Walk_13_28.mp4,9
2110,Walk/Walk_13_29.mp4,9
2111,Walk/Walk_13_3.mp4,9
2112,Walk/Walk_13_30.mp4,9
2113,Walk/Walk_13_31.mp4,9
2114,Walk/Walk_13_4.mp4,9
2115,Walk/Walk_13_5.mp4,9
2116,Walk/Walk_13_6.mp4,9
2117,Walk/Walk_13_7.mp4,9
2118,Walk/Walk_13_8.mp4,9
2119,Walk/Walk_13_9.mp4,9
2120,Walk/Walk_14_1.mp4,9
2121,Walk/Walk_14_10.mp4,9
2122,Walk/Walk_14_11.mp4,9
2123,Walk/Walk_14_12.mp4,9
2124,Walk/Walk_14_13.mp4,9
2125,Walk/Walk_14_14.mp4,9
2126,Walk/Walk_14_15.mp4,9
2127,Walk/Walk_14_16.mp4,9
2128,Walk/Walk_14_17.mp4,9
2129,Walk/Walk_14_18.mp4,9
2130,Walk/Walk_14_19.mp4,9
2131,Walk/Walk_14_2.mp4,9
2132,Walk/Walk_14_20.mp4,9
2133,Walk/Walk_14_21.mp4,9
2134,Walk/Walk_14_22.mp4,9
2135,Walk/Walk_14_23.mp4,9
2136,Walk/Walk_14_24.mp4,9
2137,Walk/Walk_14_25.mp4,9
2138,Walk/Walk_14_26.mp4,9
2139,Walk/Walk_14_27.mp4,9
2140,Walk/Walk_14_28.mp4,9
2141,Walk/Walk_14_29.mp4,9
2142,Walk/Walk_14_3.mp4,9
2143,Walk/Walk_14_30.mp4,9
2144,Walk/Walk_14_31.mp4,9
2145,Walk/Walk_14_4.mp4,9
2146,Walk/Walk_14_5.mp4,9
2147,Walk/Walk_14_6.mp4,9
2148,Walk/Walk_14_7.mp4,9
2149,Walk/Walk_14_8.mp4,9
2150,Walk/Walk_14_9.mp4,9
2151,Walk/Walk_1_1.mp4,9
2152,Walk/Walk_1_10.mp4,9
2153,Walk/Walk_1_11.mp4,9
2154,Walk/Walk_1_12.mp4,9
2155,Walk/Walk_1_13.mp4,9
2156,Walk/Walk_1_14.mp4,9
2157,Walk/Walk_1_15.mp4,9
2158,Walk/Walk_1_16.mp4,9
2159,Walk/Walk_1_17.mp4,9
2160,Walk/Walk_1_19.mp4,9
2161,Walk/Walk_1_20.mp4,9
2162,Walk/Walk_1_21.mp4,9
2163,Walk/Walk_1_22.mp4,9
2164,Walk/Walk_1_23.mp4,9
2165,Walk/Walk_1_24.mp4,9
2166,Walk/Walk_1_25.mp4,9
2167,Walk/Walk_1_26.mp4,9
2168,Walk/Walk_1_27.mp4,9
2169,Walk/Walk_1_28.mp4,9
2170,Walk/Walk_1_29.mp4,9
2171,Walk/Walk_1_30.mp4,9
2172,Walk/Walk_1_31.mp4,9
2173,Walk/Walk_1_32.mp4,9
2174,Walk/Walk_1_33.mp4,9
2175,Walk/Walk_1_34.mp4,9
2176,Walk/Walk_1_35.mp4,9
2177,Walk/Walk_1_4.mp4,9
2178,Walk/Walk_1_5.mp4,9
2179,Walk/Walk_1_6.mp4,9
2180,Walk/Walk_1_7.mp4,9
2181,Walk/Walk_1_8.mp4,9
2182,Walk/Walk_1_9.mp4,9
2183,Walk/Walk_2_1.mp4,9
2184,Walk/Walk_2_10.mp4,9
2185,Walk/Walk_2_11.mp4,9
2186,Walk/Walk_2_12.mp4,9
2187,Walk/Walk_2_13.mp4,9
2188,Walk/Walk_2_14.mp4,9
2189,Walk/Walk_2_15.mp4,9
2190,Walk/Walk_2_2.mp4,9
2191,Walk/Walk_2_3.mp4,9
2192,Walk/Walk_2_4.mp4,9
2193,Walk/Walk_2_5.mp4,9
2194,Walk/Walk_2_6.mp4,9
2195,Walk/Walk_2_7.mp4,9
2196,Walk/Walk_2_8.mp4,9
2197,Walk/Walk_2_9.mp4,9
2198,Walk/Walk_5_1.mp4,9
2199,Walk/Walk_5_10.mp4,9
2200,Walk/Walk_5_12.mp4,9
2201,Walk/Walk_5_13.mp4,9
2202,Walk/Walk_5_14.mp4,9
2203,Walk/Walk_5_15.mp4,9
2204,Walk/Walk_5_16.mp4,9
2205,Walk/Walk_5_18.mp4,9
2206,Walk/Walk_5_2.mp4,9
2207,Walk/Walk_5_20.mp4,9
2208,Walk/Walk_5_21.mp4,9
2209,Walk/Walk_5_23.mp4,9
2210,Walk/Walk_5_24.mp4,9
2211,Walk/Walk_5_27.mp4,9
2212,Walk/Walk_5_28.mp4,9
2213,Walk/Walk_5_3.mp4,9
2214,Walk/Walk_5_30.mp4,9
2215,Walk/Walk_5_31.mp4,9
2216,Walk/Walk_5_32.mp4,9
2217,Walk/Walk_5_33.mp4,9
2218,Walk/Walk_5_34.mp4,9
2219,Walk/Walk_5_36.mp4,9
2220,Walk/Walk_5_37.mp4,9
2221,Walk/Walk_5_38.mp4,9
2222,Walk/Walk_5_39.mp4,9
2223,Walk/Walk_5_4.mp4,9
2224,Walk/Walk_5_40.mp4,9
2225,Walk/Walk_5_41.mp4,9
2226,Walk/Walk_5_5.mp4,9
2227,Walk/Walk_5_6.mp4,9
2228,Walk/Walk_5_7.mp4,9
2229,Walk/Walk_5_8.mp4,9
2230,Walk/Walk_7_1.mp4,9
2231,Walk/Walk_7_10.mp4,9
2232,Walk/Walk_7_11.mp4,9
2233,Walk/Walk_7_12.mp4,9
2234,Walk/Walk_7_13.mp4,9
2235,Walk/Walk_7_14.mp4,9
2236,Walk/Walk_7_15.mp4,9
2237,Walk/Walk_7_16.mp4,9
2238,Walk/Walk_7_17.mp4,9
2239,Walk/Walk_7_18.mp4,9
2240,Walk/Walk_7_19.mp4,9
2241,Walk/Walk_7_2.mp4,9
2242,Walk/Walk_7_20.mp4,9
2243,Walk/Walk_7_21.mp4,9
2244,Walk/Walk_7_22.mp4,9
2245,Walk/Walk_7_23.mp4,9
2246,Walk/Walk_7_24.mp4,9
2247,Walk/Walk_7_25.mp4,9
2248,Walk/Walk_7_26.mp4,9
2249,Walk/Walk_7_27.mp4,9
2250,Walk/Walk_7_28.mp4,9
2251,Walk/Walk_7_29.mp4,9
2252,Walk/Walk_7_3.mp4,9
2253,Walk/Walk_7_30.mp4,9
2254,Walk/Walk_7_31.mp4,9
2255,Walk/Walk_7_32.mp4,9
2256,Walk/Walk_7_4.mp4,9
2257,Walk/Walk_7_5.mp4,9
2258,Walk/Walk_7_6.mp4,9
2259,Walk/Walk_7_7.mp4,9
2260,Walk/Walk_7_8.mp4,9
2261,Walk/Walk_7_9.mp4,9
2262,Walk/Walk_8_1.mp4,9
2263,Walk/Walk_8_10.mp4,9
2264,Walk/Walk_8_11.mp4,9
2265,Walk/Walk_8_12.mp4,9
2266,Walk/Walk_8_13.mp4,9
2267,Walk/Walk_8_14.mp4,9
2268,Walk/Walk_8_15.mp4,9
2269,Walk/Walk_8_16.mp4,9
2270,Walk/Walk_8_17.mp4,9
2271,Walk/Walk_8_18.mp4,9
2272,Walk/Walk_8_19.mp4,9
2273,Walk/Walk_8_2.mp4,9
2274,Walk/Walk_8_20.mp4,9
2275,Walk/Walk_8_21.mp4,9
2276,Walk/Walk_8_22.mp4,9
2277,Walk/Walk_8_23.mp4,9
2278,Walk/Walk_8_24.mp4,9
2279,Walk/Walk_8_25.mp4,9
2280,Walk/Walk_8_26.mp4,9
2281,Walk/Walk_8_3.mp4,9
2282,Walk/Walk_8_4.mp4,9
2283,Walk/Walk_8_5.mp4,9
2284,Walk/Walk_8_6.mp4,9
2285,Walk/Walk_8_7.mp4,9
2286,Walk/Walk_8_8.mp4,9
2287,Walk/Walk_8_9.mp4,9
